code,name,segment,score,s_growth_block,s_value_block,s_tech_block,growth_pct,op_margin_pct,roe_pct,per,pbr,div_yield_pct,div_growth_years,tech_score,vol_ratio,margin_ratio,analyst_rating,ret_1m_pct,ret_3m_pct
1592,中型システムズ142,中型株,66.5,24.4,23.5,14.8,20.81345098288086,20.124395089035577,4.921718157640192,13.023650775523834,1.529835766155094,3.9812269275815684,2,49.416087585400994,1.9743627792314309,2.3253795251071354,4.077761367173166,-5.862857790674564,5.945207070892085
1537,中型ネットワーク087,中型株,66.4,28.1,23.3,13.1,26.61369060687219,6.7733976751121565,15.295230290888679,16.246503585684742,0.4002315802005678,2.9706987820947637,7,42.570824732006265,1.1955330660540147,0.3,2.492954832252531,9.288177465703516,2.403001927910786
1558,中型商事108,中型株,65.7,26.0,22.5,13.6,16.112915244014317,19.437765197433194,14.910641195473701,6.190417440786916,1.3373429324362602,2.4566343810815297,4,67.70748195297173,0.7414755267696196,3.116897557591337,3.8362582638209033,7.954025719821956,-1.6686179993535042
1464,中型ロジ014,中型株,65.0,21.9,20.9,18.0,16.180318460662086,13.775728409724156,11.221085014500915,10.14524409035376,1.5473698806438967,2.171982215104256,4,97.71745552852724,0.9381136107293823,3.7601202344256475,4.354769653795438,3.588011484596297,36.05414143006598
1598,中型バイオ148,中型株,64.7,22.1,25.5,15.0,15.712909988426405,5.081204514699025,19.213671509688147,4.705450293730101,0.7352120107316112,2.6173708030318292,8,63.670774650091076,1.4814289600911956,3.031566423011505,2.6788812367078454,0.059169910563724226,-6.542916639775321
1526,中型ホールディングス076,中型株,64.4,23.7,21.1,19.3,17.18844224114093,15.003595608348277,12.384098646654104,6.897471491667687,1.281852396235196,1.4538835170572741,6,79.20732735070932,1.7281927930154415,1.640605045049363,1.3083735021684166,-7.601771388780326,25.0595237369865
1573,中型商事123,中型株,64.4,23.1,21.2,15.4,17.500183373998063,9.325339813631963,15.315462268054542,10.114980108083323,1.6239345432569388,2.552002953937632,3,65.28181347555082,1.0668014624037456,1.831692444525697,4.784386706235171,9.293717198168654,-1.130376940578122
1467,中型製作所017,中型株,64.1,17.4,22.2,22.1,15.41987873673115,7.280695364521829,8.392306776068082,9.336278851667988,2.4108108440564218,2.8334215410273496,5,80.4498055805641,2.6063246241193614,0.3,2.9092987352983135,-0.6970505050471427,-2.2098354685923134
1567,中型ネットワーク117,中型株,64.0,17.2,19.5,22.7,8.177875635349258,14.861057386762525,11.509103065516493,6.5241538643926695,0.5794796261235726,0.8188360685092264,5,95.15010164182003,1.8812291220001063,0.3,4.636860750455828,8.618402502087882,-10.543599346345093
1552,中型ネットワーク102,中型株,63.6,25.2,19.4,16.3,22.895283819739923,8.547689196531447,12.975714095158628,4.0,1.4727495596606115,1.8869577140737948,1,77.46610845331358,1.0368781591880858,2.6805405232315427,3.198245700168743,-8.500895230590459,-5.583837280923532
1578,中型フーズ128,中型株,63.6,30.3,16.6,14.4,29.342444288931567,4.052383238909371,18.290854037395547,15.420813110196764,2.0642701517600957,0.5522228588955291,8,72.15730152397295,1.1805449826068912,4.161202837790018,2.8876037591662005,-0.47664051349019587,2.438664636495245
1545,中型化学095,中型株,63.3,23.8,21.9,15.2,17.81332295982504,11.196565330121482,14.884038494325733,4.4322635721447305,2.1041612626317487,2.3771198300050305,5,64.84041938287504,0.7064724227315566,0.30352840429611616,2.9303566670536294,6.389503687637474,16.281096982104746
1489,中型メディカル039,中型株,63.2,25.2,20.7,14.5,16.554744776477975,24.01813149375205,9.119479047202088,12.251509189991234,2.038276110101622,3.0191041689121385,2,50.74307181525912,1.47056541910902,1.5103483666776094,3.171572809587988,3.537556604210608,19.9512642178671
1480,中型テック030,中型株,62.6,27.2,22.2,9.2,21.75949784752985,11.847369355966302,15.998370099359946,9.587333170913693,0.41324476868996207,2.4607543841411674,3,49.15226512917101,1.2423306403663819,7.981384605658068,4.167620437895247,9.296991635179914,18.127242698640266
1564,中型メディカル114,中型株,62.2,22.8,23.3,12.1,19.827154946675076,11.039970147744066,10.423325025963319,21.385873117483094,0.8150913839709959,5.014447453266161,5,64.85492655107811,1.4625479869862987,6.378845655596956,4.134005929338086,-6.630335874023542,24.84164461721005
1534,中型メディカル084,中型株,62.1,19.3,24.6,15.2,12.18364603890711,10.500827097522748,13.85929591318355,7.622955615842413,1.7499900733899247,3.291583619377472,5,60.50401131570865,1.1520581987170144,1.4972679250112968,3.442401126048169,10.558235117282436,6.571657920798497
1514,中型電機064,中型株,61.7,24.1,22.0,13.5,16.159167850198116,15.83862693389737,13.883541807717009,13.534026868922826,1.385365127114459,1.7724356354078754,11,68.00641656338996,0.9680997793242827,3.8378941934993036,2.691304865714946,12.027040311535362,0.06717085031431846
1570,中型テック120,中型株,61.6,23.3,18.4,16.3,18.634525251456964,9.842766011556044,13.97345105685092,13.53883174965083,2.4254951258549338,2.8358433382659323,0,60.90744373876924,2.0240560809119397,2.6737841378159377,3.8581720240760546,6.2752730264348715,-4.439474789975206
1504,中型メディカル054,中型株,61.3,14.4,25.2,16.7,5.318492408583908,13.943200758687013,10.560467563153926,9.183608533568275,0.8302143009842474,3.6470586960311024,3,87.5263736901696,0.9431818696425449,3.5241693620366883,5.0,-3.344320467979675,-14.773773998797317
1518,中型フーズ068,中型株,61.3,16.9,26.6,13.7,12.391345220673207,14.379894279034616,5.843989657802075,15.055039489092774,1.4186133482827439,4.042150658568264,9,28.041584920056387,2.4469635028639947,1.3525937019240168,4.28453863546194,8.822987885182386,-3.9482827221016805
1543,中型商事093,中型株,61.0,25.2,17.0,13.7,16.684919423089955,10.430418034734581,19.883599235588104,16.434895707800763,1.6893397702771393,1.2910023054862827,5,55.58751002543142,0.8958801353313566,1.6023460653329449,5.0,1.4191364989257877,-9.483825049375213
1588,中型商事138,中型株,60.9,25.0,20.5,13.0,15.61080670675861,25.226471974538196,9.126024626049583,15.425968292549689,1.1876563149569164,1.7119800984380658,8,45.88652168090564,0.9629597633168193,0.3,2.893910620366202,-7.250399357720086,15.581656390543145
1471,中型運輸021,中型株,60.5,26.0,16.9,14.4,16.323147815729378,15.897926705779867,17.458432328293366,25.669925440318934,0.8935087029383928,2.2138982093325112,4,56.23467576641487,0.8753685401949318,0.32598839418407133,3.574143556823203,-1.6101339572874753,9.0319217689715
1531,中型運輸081,中型株,60.3,23.1,11.5,21.4,15.125832881623362,19.13700669732343,10.704788913474722,29.341336263910826,1.160222657960114,1.4335381658023312,0,99.95844408804527,1.6097237863089489,2.3985826799154446,4.499218157498796,7.126153110706692,31.593529656507084
1483,中型商事033,中型株,60.2,19.6,17.7,19.3,18.955177295987042,9.061060222253547,6.584001844224377,19.73344730029944,0.729537115035948,1.9615636490196975,3,86.67241760421055,1.0226513485201612,0.3,3.903555718129975,-1.1941311186235586,8.511572293252962
1539,中型ロジ089,中型株,60.0,27.4,18.5,11.1,24.609674775254398,5.331144872901358,17.642394053958654,11.061083359087657,2.90927251835622,2.7913207288524844,0,48.599707368234874,1.5905906026118708,4.894759951708011,3.4434275266204297,3.2679496857807986,17.100236391728785
1528,中型商事078,中型株,59.8,14.5,23.8,18.4,16.038895139792345,9.527156226691943,-1.5804759788638307,4.0,0.7873176719369201,2.7312232285925817,4,61.31860072916195,2.1754717413433458,0.715638693252338,3.478053316653021,4.8266131368828935,-0.8352773984600255
1477,中型ネットワーク027,中型株,59.6,19.7,16.8,20.5,17.768050687673504,3.098303410772325,13.233307576394516,21.848884608619308,2.3418905645753023,1.7733950169409005,7,74.69936319192169,2.486258718484865,1.6499968747526792,3.09407953887966,1.1632857092402764,2.117334199534697
1458,中型フーズ008,中型株,59.5,22.0,24.6,10.9,15.280299934322679,20.58222438367705,7.182803413446697,6.725104491908473,0.8039654240534164,2.8604425665484374,5,59.84061987365348,0.638521475446435,4.380361127992309,2.5202361778795677,9.953697494261398,42.28926107767838
1516,中型運輸066,中型株,59.3,20.6,19.3,16.1,15.404853065315827,13.801645891161284,9.712394005451042,18.440174821037672,1.0495072125345464,1.9403859686542257,6,73.73699822054316,0.7090450770245984,1.4600523847645637,3.5869617222507277,13.35679424801706,-14.98678197362793
1555,中型テック105,中型株,59.3,28.0,17.9,10.5,17.515363374385448,15.879949749079206,26.44256097430142,18.095750860607065,1.8392504579181916,2.9040150743216544,0,50.00977054446239,0.946915366653833,4.165705158995211,3.360660350223041,3.829340552845817,21.049455441781575
1463,中型バイオ013,中型株,59.2,19.9,21.0,15.1,21.207054882503733,5.763564268080947,7.009233211225831,16.268318850289607,1.7733184524377177,2.6963430343407317,6,61.5744151722673,1.4446919694692046,2.53342333323285,3.550158642589371,3.645205080321807,10.581177629828433
1509,中型ロジ059,中型株,59.2,18.3,20.6,17.3,11.686916816704697,10.11893470519012,13.001549541548366,4.0,1.7115807529398228,2.0866460021601934,3,70.7175852321609,1.162615539217636,0.9476276580279155,3.3868778633396976,3.405332904484947,9.379206938972153
1589,中型電機139,中型株,59.2,25.0,21.1,10.2,32.397577774698476,9.166606031747389,2.666210335048813,20.3999979865784,0.9911525287488903,3.4993469305535405,3,46.62731759650995,1.1110212221271567,4.363998169685137,3.318063495395475,0.019651783237767173,5.614020764253539
1587,中型製作所137,中型株,58.6,19.7,19.2,16.3,13.642387507332609,12.40427174362761,11.231016379074768,19.178471344936614,2.1545761327159485,3.1112280051906476,3,82.96586913835908,1.3142303408661606,4.138277146618437,3.7256703126679036,4.482040244905045,-0.8290238830038366
1488,中型フーズ038,中型株,58.1,20.3,18.3,15.8,18.220648564430576,5.908422338193708,11.512361835515783,13.544285715598354,0.8293918795091395,1.216898072341725,4,75.91970790692828,1.1351318984057484,3.1262036857197897,3.9569392530328376,-2.8297126380777593,16.876310100955074
1533,中型フーズ083,中型株,58.0,16.3,26.8,11.2,4.952307222942955,16.28594635120683,12.893196619190178,4.0,0.6422257403716244,3.7012358638272103,5,44.28047324132952,1.1147951713825088,3.023826011043006,4.088586688224131,-5.149580369152737,-2.091389664045497
1465,中型テック015,中型株,57.6,13.2,22.0,17.3,6.975685666148186,12.620446111600236,7.0059712755350905,12.89085158914024,1.6742537372776605,3.0463040623077298,4,80.66406728802525,1.152517344703664,2.4020966462897904,5.0,5.365425896652185,-0.6337785517425711
1551,中型マテリアル101,中型株,57.6,19.1,17.8,17.4,19.195014727662542,10.776335329060661,3.974178196615198,20.796778086024638,1.240740573237225,2.5420034574210213,2,87.59743078420644,0.7617175879084015,2.3926264426088855,3.585958962157853,-3.553093962521749,11.966234343051141
1561,中型運輸111,中型株,57.6,22.9,21.4,11.3,11.806878690532418,12.624423594122922,20.39189565996565,10.986543959979484,1.4485649368867197,2.6261239468194266,3,48.98887337220424,0.4253714118278782,2.080497793704572,2.6410380698257594,-7.359640086742671,-1.5481461000470382
1547,中型システムズ097,中型株,57.3,19.8,20.8,12.5,18.19805387000618,8.908658048180953,8.131651545707905,21.98097488583884,1.2856585447199165,3.304495025205568,5,51.82879624762294,1.4398452652987652,3.576809124922868,4.31670625680198,-0.29007322719011075,8.494472801379436
1515,中型化学065,中型株,57.1,22.3,18.2,14.3,14.008683460979725,16.32988814871567,12.923842721024965,15.566819950917829,1.5075614593992106,2.143558903112893,2,49.90929826414532,1.9397951868254675,2.804634061166718,2.8713629844937816,-0.09778558116905156,21.204448168366678
1500,中型化学050,中型株,56.9,26.3,21.4,5.9,21.281295962415488,12.547064198799625,14.120921362347662,10.00042445077652,3.0110613074933834,2.6698249232049664,6,29.052655398192254,0.7886489884604495,5.228190638253714,3.729512894634084,-8.482678408973555,20.45947914780583
1523,中型バイオ073,中型株,56.9,18.6,21.3,12.8,14.09210961535353,11.708283486955128,9.014028450414632,13.00534479396138,0.9277091211690243,2.6216168299098297,3,46.06287248853823,0.8688775903377036,0.8212822899909806,4.28307307298976,3.4717060171907255,-2.3536002348792415
1582,中型ネットワーク132,中型株,56.8,22.5,16.1,14.8,15.752744368706693,14.116455331259854,12.739672385913552,13.60289570330649,2.8408042841010017,1.2930630149040994,4,58.26794575373672,1.4012203766717608,2.226949237389898,3.75179704447167,1.9869444887822032,-10.983430209254792
1462,中型ネットワーク012,中型株,56.7,23.1,16.0,13.7,16.550111602779534,11.4729626647885,14.923443580658432,20.224936622199834,0.9368313588426306,0.39185595312925425,8,62.619857152820714,0.3427570522519392,1.71512490500632,4.117499433895863,1.321939013202642,1.855262968170475
1503,中型フーズ053,中型株,56.7,24.7,16.5,12.7,20.824588620336474,18.33101409812841,6.9160341036487205,14.74539713952535,1.5631097793673012,1.2137598894834025,3,58.09581148813061,1.7701047394683678,5.173365050960162,3.2366324813127934,1.7162811368351298,15.971507624667627
1550,中型エナジー100,中型株,56.7,19.5,18.8,16.7,15.930254135880173,15.545798011069383,5.242032332960219,21.68195824044779,0.9031148197556261,2.4595417655715384,4,66.73220605965246,1.368478338030095,1.4811420386554983,2.4201060701634267,8.234092079770612,10.230014930226986
1505,中型エナジー055,中型株,56.6,21.7,17.5,14.7,20.292721050297864,6.865954473034632,10.896468179468831,11.484490737290491,1.6877139466687212,1.249463792814258,3,66.09667587801762,0.695845556862869,1.7398487466374,3.2220937331211745,-5.572892605357669,2.9292682064150437
1459,中型メディカル009,中型株,56.5,18.5,17.4,17.8,12.931609172572404,13.915540678288716,8.535701155522203,4.138720073479103,1.0780964458788445,1.1071047589012508,0,89.00247895592169,1.3364312590128864,3.6834376451051707,3.252782107843,1.9627735053393818,19.574608186872
1474,中型メディカル024,中型株,56.5,20.5,19.6,12.7,19.325376719070555,5.817090125651715,10.577400592442633,19.050867959369388,0.4,3.2337861679389,0,63.975918882224825,1.323341574805372,4.9522555046349215,3.9407395047148324,-11.263742950379886,-1.417350965871897
1519,中型メディカル069,中型株,56.4,20.4,17.7,15.8,13.946142350712792,10.46233127866968,13.771650023161953,16.384033814283754,2.3374376397591727,2.2753995431460625,3,77.72915619502925,1.4901979824293017,4.317264109777598,2.9683306621931225,-3.2715766883908444,1.1873342809675815
1541,中型ホールディングス091,中型株,56.4,20.4,19.1,13.0,12.66839209308964,11.927566532923718,14.438262422545064,18.276670985354684,1.6698509899267033,2.7566166656775546,3,65.43204511400322,0.8369277986568202,3.6654706661504344,4.034734148228807,-1.0180885684332184,8.621985187914161
1506,中型マテリアル056,中型株,56.2,15.7,23.8,13.2,10.950372319223215,9.002255292057857,9.643117535341377,14.880589974560488,1.0409795762973801,2.8910625658668776,8,49.64115294048193,1.4425991157388536,2.5686891202176354,3.792389876030804,12.394677187219525,14.103914516217186
1569,中型ロジ119,中型株,56.2,25.2,16.3,10.1,16.994739427571098,16.406873969685734,14.664542787187672,16.59317189469883,1.5626562998346698,1.9627402809025982,0,40.80439284124344,1.058992759032395,3.434613887284373,4.65265007840341,2.7492166327469247,20.041715490531967
1499,中型電機049,中型株,56.0,14.9,22.2,15.3,9.414253408129428,12.906356950404877,6.920866760077837,9.217348876593668,2.3864131900185557,3.572342342866518,1,75.42397848196956,1.1565200121969894,3.611655434082775,3.8681749115480506,8.96610280874591,8.992618422358266
1536,中型マテリアル086,中型株,56.0,8.4,23.9,20.5,0.8933861843124582,8.791541029135029,8.627435331904806,10.968913561432764,1.2789473596914962,3.3784508503183313,4,100.0,1.2852540930098246,2.4778816069129466,3.5033063061238927,4.53895187066124,13.223047486052764
1470,中型化学020,中型株,55.9,14.2,21.4,16.8,10.112576662988038,9.924254171144355,6.933047938266618,11.76278890847316,1.3761985644990429,2.290800023610048,5,77.45541168911568,1.052826138236375,2.1789188469923557,3.850124538827445,6.665069498465126,2.789594800893373
1535,中型エナジー085,中型株,55.9,11.3,22.1,20.2,2.8815680852127192,8.538764556173069,12.004251486379651,12.758916016914919,1.8397122981441985,2.7228437607490306,6,83.62407050077059,1.6979293621861804,1.318369684533672,2.777172442738982,2.5453711412410533,2.5858957131270266
1520,中型エナジー070,中型株,55.8,17.3,22.0,13.3,5.033428914555291,14.930996343264571,15.87992025147026,14.069218262805597,2.5016433131770466,3.56846939376513,4,43.20594811222528,1.98768832471777,2.890168768148865,3.6009321571447797,0.9623698463605881,-2.67748391556637
1476,中型マテリアル026,中型株,55.7,11.8,24.4,16.0,-10.0,4.609558186440983,20.430945792780406,11.720773241829733,0.4,3.4352473883102723,4,77.88892880123906,1.3384793376096826,3.825406445181904,3.790407398171613,7.184929871526,35.32916538267318
1524,中型ロジ074,中型株,55.5,16.2,17.0,18.6,16.468381996816145,8.197755951028135,3.9674968649388367,21.1273337353148,1.124032107303721,1.7911009097912107,4,78.56660601022207,1.2100186454331558,0.8415891729385856,3.9351016032897443,0.09006165442965575,30.655087658353594
1586,中型ホールディングス136,中型株,55.4,16.5,22.2,14.6,8.142994476037142,10.107140160530731,13.984729486544417,14.14776235060236,1.305222362079979,2.670450355570171,6,55.35267700884513,1.2403038878102608,1.5927775864800096,2.8114535654683794,7.614885011800846,13.339304750535462
1568,中型バイオ118,中型株,55.3,18.5,15.3,17.4,7.57438706631602,16.47761205747905,13.752167554673926,7.145429685672086,1.9275195090573358,0.062499403919412444,3,78.48322184920087,1.2091971077856598,2.1019124100684974,4.21147700301788,8.848510890519488,23.720476314403403
1529,中型電機079,中型株,55.1,17.0,20.5,14.3,10.226613960663528,3.0002533295782756,18.04953108637514,10.910312684817397,2.921980115344952,2.167525676082545,7,57.04054835815922,1.184628083869735,1.948747200200386,3.595299143493022,4.907992166484284,-1.4111021069821597
1540,中型テック090,中型株,55.0,12.7,23.1,16.4,11.05438741608656,4.532475703308121,6.935129876799097,16.41071965890999,2.3508376915483855,3.8159824241620477,6,63.17123369865455,1.5744069429912384,1.7998484696276598,3.3774152317934285,-1.9447843280368602,-6.984911328492538
1479,中型ロジ029,中型株,54.9,19.2,16.7,18.3,13.968965664710286,12.83166466825022,9.558572709363405,17.42989391354806,3.064070372338377,1.9296030579045582,5,80.64002111564997,1.77012664047214,3.0210895518948573,1.5932890376341104,6.100216911890797,-18.633691103476632
1565,中型エナジー115,中型株,54.8,11.8,18.8,21.0,7.272827364439862,11.535775364196617,4.603730139123668,18.157212108743373,1.0440379969527136,2.300169637993474,3,92.65023043124533,2.191130150072795,3.0837237063865346,3.551182169095084,0.7593422019029097,21.272075498033434
1563,中型フーズ113,中型株,54.5,24.9,15.3,11.0,15.67729492510301,19.355606142816235,13.467159940918478,14.757945680795926,0.4,0.17755294395652088,4,51.55487194771886,0.647082408923941,3.1179586454940913,3.592105094006248,8.666495211241635,9.639227396152409
1482,中型製作所032,中型株,54.4,9.8,24.0,17.1,11.580450260220028,5.074077097338412,0.06779010624716264,15.900486782070145,1.7267931793905011,3.4092645684253777,8,86.25997272998104,0.700988203353061,2.3659229370904153,3.8842674367051035,18.191428066453064,25.761190444566992
1472,中型システムズ022,中型株,54.1,10.7,23.2,15.4,3.647651666409173,5.501708270778293,12.171491801884489,15.905529160838975,1.905497379924653,4.385863766417625,4,66.73147180715434,0.6612193355663373,0.6835666070345257,4.766263557418667,-2.540878679599822,-4.527328857623704
1594,中型メディカル144,中型株,54.1,18.5,22.0,10.7,13.2270099402138,12.33770143063277,9.475660685032963,11.838880824076938,1.3281489571851495,3.348742349822743,1,56.869478983408804,1.2916711069992104,5.808631673774025,3.2597533934109495,8.752839936065765,22.783752839180266
1457,中型システムズ007,中型株,54.0,20.0,18.9,13.1,11.64328421569008,8.609584711230877,17.54123303439955,12.039190745076745,1.9616389499763272,1.8030861587622087,4,71.26305755656092,0.9687221418377099,4.793798792097127,2.7050416983148136,4.767557055350275,19.071676673454235
1513,中型商事063,中型株,53.6,22.5,13.4,16.4,15.110075053407815,12.657708475668464,14.750741316161669,20.231852998314043,1.013874330652253,0.5830405998350541,2,74.00429171548613,0.9289980482370144,1.7507220170562445,2.042919726460289,13.515885327305634,17.90856369710372
1492,中型ネットワーク042,中型株,53.2,15.9,21.5,13.4,9.713402026672355,10.498511662782958,10.428389159976263,15.64263018005683,2.0935711204245897,3.5777362362747445,3,72.6756892990894,0.8491165268666088,4.378719814907219,2.8904067809384077,9.543959616528793,34.52769052871888
1566,中型マテリアル116,中型株,53.2,16.4,17.6,17.0,7.368641037332983,8.893313626771503,15.892964318324822,11.770205428100104,1.4735714758860285,0.6186892184890074,6,92.93560490527364,1.560612686399896,5.631238501585149,2.8231182910581354,4.417945692169204,-3.3179190924326747
1576,中型運輸126,中型株,53.0,11.0,23.9,13.0,-5.183484148011971,12.698208833566754,11.930264218260943,18.345455056948897,0.5637194146949742,2.8450166893150604,10,59.41210235400241,1.1691673403967295,3.556204240954262,5.0,-3.141886570199345,10.438483200726859
1498,中型商事048,中型株,52.7,23.7,19.1,6.2,10.368465108616924,17.640783104478984,19.41191792670049,21.80141221725375,0.8409236784391393,2.401344853214922,5,25.426894559489874,1.434680329810387,7.0913852867629,4.0119489326406335,11.840478488650538,10.19497676154446
1512,中型製作所062,中型株,52.6,14.8,18.5,16.0,-4.210941110769767,16.09755458832315,16.800464233217753,21.276313506287394,1.171094325546299,2.033224265998014,6,65.04692867226593,1.0031812643514777,0.3,3.59110015531361,9.47405783541668,-6.371059468409886
1532,中型システムズ082,中型株,52.6,8.2,21.1,20.1,-2.3826626619192908,9.673199458428726,8.687393080285872,4.0,2.2422290433457857,1.9296034441966419,6,100.0,1.023378154086196,2.241924631217121,3.5949313357791968,8.923484117900458,1.1994436962782018
1596,中型マテリアル146,中型株,52.3,18.9,16.3,16.4,12.254468389468418,13.890774584322608,10.309764623592333,13.087961456539174,1.3812895392518967,0.8172618297013734,3,63.32859538676711,2.125231616921877,3.154798317009388,1.632658366231756,2.4360874032922712,40.874049597299674
1496,中型ホールディングス046,中型株,52.1,16.4,19.5,13.7,18.365120961674126,6.673285839490829,2.8903743658489542,18.68664073735485,1.9418668296470034,2.680241152511767,5,52.23027318992414,1.5937413521927626,2.9179953718418266,3.1103091513478573,1.1286521264676006,32.24767638530999
1527,中型製作所077,中型株,52.0,17.0,15.9,15.3,6.789960485441409,7.246376908674438,19.213301467181168,22.590959672929962,1.5171141053438506,1.9065969089360264,3,62.08893037097439,2.000023640659804,3.760441363627008,4.080823226431313,10.015620654421028,-6.036112012293028
1548,中型フーズ098,中型株,51.9,15.1,15.4,18.2,9.5078745631629,14.520740708198923,5.874104027779121,21.101862289427135,1.8264301405192915,0.8830749263670539,7,98.21367545435916,1.7009169847747039,5.568572581007645,3.5682971052820704,-6.969029518431061,-14.129445414010299
1487,中型システムズ037,中型株,51.7,10.8,17.6,20.2,14.929883172426504,0.0,1.69403157747222,13.31559959489573,2.584923396290388,1.7642699118332605,4,78.40820690615222,2.253442366639073,1.9616727483330374,3.486530621013259,13.932331328057055,-10.26639130229714
1491,中型マテリアル041,中型株,51.7,14.1,17.2,15.5,6.311789755353296,8.833836716884894,12.638732349759747,18.50501444011374,0.8646677457295797,2.236480755614232,0,61.81084811507075,1.581074620979343,2.4958764716144244,4.953221596912084,-2.287430684616302,10.609284983639135
1475,中型エナジー025,中型株,51.5,18.1,15.0,14.7,11.10564103482624,10.025100569401065,13.388053648783853,19.73619933401823,1.9259162155007754,1.985725057445535,0,49.80133752061329,1.4081840740694775,1.0371949454091403,4.005019784097261,8.450359783603826,9.52240371555011
1597,中型ネットワーク147,中型株,51.5,21.0,20.8,6.9,16.930929879880317,6.945555280957056,13.955532572152784,10.547919450661558,0.5523347363171998,1.851630636765928,4,24.301200956198876,0.625420354730682,3.0186040137282384,3.173461459208837,5.368867626876545,-6.576019927702738
1494,中型ロジ044,中型株,51.4,18.0,17.7,14.3,7.542983415313717,7.99269594220497,19.533838202094866,16.297228057936127,2.063416396103665,2.32374001441139,2,58.19769206648322,1.917997008883857,3.999432133702963,2.130821472215633,1.7085332605430716,29.387525512456545
1484,中型電機034,中型株,51.3,17.5,22.8,7.9,9.306362393263012,9.631480020911159,14.951702908923519,5.802810729883756,1.1380900425319478,2.8840379131173814,2,29.041479233140507,1.534277671628368,5.02157033479477,3.4640038338855947,-8.765073590817195,16.471636960385794
1553,中型バイオ103,中型株,51.3,15.6,19.7,14.2,17.68874788896173,0.45024676560014143,7.168423251921472,12.601679662261418,2.720535307104096,2.9686037654963693,2,81.48124654807992,0.8297420897494401,4.81637964672121,2.4128982032615873,9.439546990734943,3.1263962543481725
1452,中型製作所002,中型株,51.1,15.1,19.0,12.2,8.110959265776115,7.328061213043495,13.425469342485563,16.43033024902455,1.4379702383227828,1.7695416665380421,6,53.754983611344734,1.0466513560870314,3.1884420537986267,4.857269346376681,-5.042137248127224,17.238282716664255
1454,中型電機004,中型株,51.1,12.0,19.0,15.1,-0.8819475007373949,12.95362513044448,13.726616309835302,16.389962665419105,2.175619344910066,2.2878676370807276,5,63.46907366147613,1.1542299902908961,2.044520709366635,5.0,0.2882941208789491,0.009467466554763604
1481,中型ホールディングス031,中型株,51.1,18.9,16.2,12.1,21.835697150817545,10.049641635496275,0.7261934616235308,13.868483201963942,2.0682149969975514,1.2301996048849264,3,45.548144625958365,1.951014625921565,4.349022627731815,4.021232496515167,6.729607878725828,7.553008969374477
1495,中型テック045,中型株,51.0,16.3,18.8,12.4,8.28962510520035,1.9976065413290964,20.46524442711272,19.094355058876758,1.4509909988310397,1.8285822639179314,7,48.244298795928536,1.774128212257994,3.975951514303661,3.69574554038988,3.873088832013572,5.900383559429862
1581,中型マテリアル131,中型株,50.8,13.0,19.2,14.0,-2.44671529331948,19.323880293741357,10.54840494872435,11.115538765790296,1.308205764572098,0.7226922456826681,8,50.92504712345146,1.883700763869211,3.092973086005167,4.643625579654752,4.540166994258512,18.238791954428912
1530,中型化学080,中型株,50.7,19.2,17.9,8.9,8.999644673120926,7.949505669714432,22.498320348074195,14.461615380530288,2.581662506187591,2.004377669192312,4,34.21544671038515,0.9764637040660676,3.3789624074206444,4.768803064767893,4.331896666057627,24.60464433431599
1562,中型システムズ112,中型株,50.4,13.7,15.7,16.8,1.6232662338683639,13.91893272646474,14.00545918707147,9.576724262514752,1.3178399586058152,0.34175733788746476,2,65.18167421264222,1.6124689448070513,1.7165152529556351,4.341483888422016,-6.094151529080829,-6.97153358972551
1461,中型マテリアル011,中型株,50.3,16.6,19.8,10.6,13.258111149883748,12.93529364697872,5.231625418001197,15.95068830299841,2.2156850577523306,2.9770729589908984,3,49.576426360162735,0.8853277578327478,3.8420756092373827,3.6560831785143106,6.776424036613202,9.582485757453824
1574,中型電機124,中型株,50.0,15.2,20.2,12.3,14.547554444756903,7.286605726494235,5.076576781688379,21.20285664839386,0.4,3.1268559135765415,3,54.19216114455048,1.4048756098116448,4.046157861589654,2.8389254585368735,7.3063536525003805,9.36044645630268
1456,中型運輸006,中型株,49.6,15.7,16.5,15.7,11.274382270637124,10.85958462447984,7.698499419890055,18.491102635842473,1.833622077126786,2.2146801398897114,1,60.33873737498933,1.165100607118931,0.5997462262784379,2.3225501189406517,6.390920272858617,-23.22265978062027
1542,中型製作所092,中型株,49.4,9.4,20.1,16.6,5.011179922965123,8.367466517419425,5.375353224489227,22.594649550999335,2.2459796223040334,2.737433854227337,9,54.59357746176895,2.7158812075553174,2.590447052346203,3.704154681404813,0.6133325163587511,12.46790672072366
1478,中型バイオ028,中型株,49.2,6.3,23.7,15.8,2.879834001891176,0.0,8.82650263138433,17.216148358199426,1.1547447081458626,4.13538118352911,4,81.23852299331443,1.330710206364984,4.4875331578078645,3.72339324314685,11.212707791421376,8.671272201588808
1554,中型ロジ104,中型株,49.0,11.3,19.0,15.4,1.7719660724698425,9.91428193461843,12.386720898601075,12.031509416845728,1.8877674541967266,1.6170061163359328,5,65.9599971166588,1.1695384726460325,2.20551183774129,3.6212326366122127,6.301522458202196,32.7415898327793
1493,中型バイオ043,中型株,48.3,10.2,18.8,14.6,9.023328896228866,0.03728254596295599,8.259635333775885,22.39125080573582,1.8871537509176715,2.4489135986750297,7,66.72016190647159,1.8088625937255682,4.654962617964574,4.7173603621895674,5.152776503437526,18.86311281792746
1473,中型フーズ023,中型株,48.2,13.9,15.0,17.7,9.687208630267577,10.549037933113059,6.487467467783541,13.170160687721399,2.360563002355073,1.3940063911682026,0,74.96668517619626,1.4461484559690183,1.883066482832409,2.2342663870984656,-1.4677401386313793,7.3435467578087446
1577,中型システムズ127,中型株,48.2,11.1,15.6,20.2,3.602740621618847,8.264976395775026,10.752048460590304,23.083939449681353,2.7606934204821156,2.6481421446267066,2,100.0,0.9862227593352398,1.9719553541524728,2.080045564337018,11.37654941546846,19.61894710845553
1501,中型運輸051,中型株,48.0,16.3,14.4,16.0,5.649737565178213,18.05658492938356,10.560821606981502,16.228240116123178,2.325268205014154,1.302507029145338,1,54.463028432834065,1.613586399810611,0.6044209452957165,2.1655723200887227,7.942325562262754,0.7642602491959547
1556,中型ホールディングス106,中型株,48.0,19.2,12.2,13.2,16.90520590963311,10.191394984793765,7.650024515608887,21.81164838991913,2.0417238266369058,0.5937431817046179,3,60.97927831630172,1.5894148585605157,4.638182690891588,3.727124800940379,6.511485188153136,8.769641628537844
1460,中型エナジー010,中型株,47.7,17.0,15.5,12.1,9.741303050438276,13.653469690123664,10.019978510774921,12.947082655607717,0.5151600840786966,0.22225093763287207,3,59.016940455878185,0.5569349816456045,2.9379452429376607,3.543002050392402,-9.936048036356276,-2.9814959137540136
1466,中型ホールディングス016,中型株,47.4,13.3,20.9,9.4,4.445889902015449,6.286600427343298,15.682846779283938,12.813736242640548,1.58915373295954,2.1364913255617313,6,42.75860632808764,0.6622138569284922,3.4037351529268696,3.9807674277599174,4.9951938785858445,-1.7134447491679303
1600,中型テック150,中型株,47.3,12.0,15.0,15.4,6.691158058044655,9.689478886276854,7.370708896564304,7.706982846925829,0.510537873443143,0.0,0,69.2948901400932,0.4007507339933585,0.537378876744051,4.932718856986332,-0.818976299089524,11.85255210997803
1593,中型フーズ143,中型株,47.1,9.9,17.5,17.5,-3.2767747066112367,5.722831095221478,15.196006775761317,14.700567653479725,1.2766259816129177,1.4512503760190825,3,63.42003700781248,1.6914581032308809,0.3,2.8345910605897524,3.9545774531340343,6.81364260845257
1580,中型エナジー130,中型株,47.0,15.7,15.0,11.8,2.591375677196062,17.134704382179695,14.154000820730099,19.36123718217854,2.333420475207543,1.5472037061542057,3,54.913903033219725,0.5546267315421908,2.5255377297151616,4.569103566301459,4.424028622763082,-8.152735934139855
1453,中型商事003,中型株,46.9,14.3,17.0,12.3,-5.14536928990484,12.08636579114312,18.875414138043652,17.932011146803845,1.619437554977855,1.6395505311969245,4,53.462869322739586,0.8070116960343223,2.4782238921452344,3.6587049285011517,-1.6033024111838419,-1.67538184821621
1510,中型テック060,中型株,46.5,16.8,13.7,13.0,11.295354938280544,16.196845224592767,5.569827234829262,16.0542027369891,2.4029507890327686,0.4653885030628049,4,47.46318696448522,1.0146448077634476,1.3713464942140403,3.364359427439645,14.047533686561426,-7.1731643341265645
1525,中型テック075,中型株,46.5,13.1,17.0,14.6,9.991042224016878,0.0,12.78682486077837,26.66758675356137,2.6031442019817725,4.030954288756566,0,74.41874312758202,0.8390027301316441,3.403720918950464,2.481638057008214,-0.8667345892962977,-0.11496036836338419
1560,中型化学110,中型株,46.5,16.0,16.1,11.5,7.734693368907953,12.515509424751652,11.623486388256735,13.469014949871273,0.4246093801690287,0.7227920365389686,2,57.85096208926743,0.8958760264004415,4.125381475043038,3.2766232646306532,-2.7900763486770614,4.662844484145088
1455,中型化学005,中型株,46.4,15.9,16.2,10.6,13.472078587600855,12.259272076475025,3.976042261948363,21.736069527382433,1.4340637972544168,1.0890689047842796,7,69.26216028873077,0.5677290040260429,6.198929112463904,4.027037894692954,2.938823306249723,27.082625667461354
1571,中型ホールディングス121,中型株,46.4,14.9,16.9,12.1,14.085663593708112,4.030824239826871,7.871879467993019,21.45433780496515,1.7497294032158506,1.8955221922534733,5,56.918339540407636,1.2062892511759167,4.182273348096247,2.9181058074726947,3.2420184333281443,4.252781664720166
1591,中型運輸141,中型株,46.4,12.6,13.7,16.6,6.484291893224878,4.280505441543332,13.10181062921312,18.276535384988573,2.2633303937969957,1.2636787249547066,1,66.27820479353987,1.1644165055734566,0.3,3.8000865310033527,-8.114537489933728,-3.3430786224805153
1579,中型メディカル129,中型株,46.3,14.6,19.8,8.8,-4.821822893522224,15.308792471016837,16.95796807091283,10.79193510141695,1.7437421111613731,1.934459525370764,4,46.70360965820147,0.758287421956182,4.893734794842737,3.448903531900406,15.132653705120855,8.555719577529679
1584,中型ロジ134,中型株,46.3,17.1,17.0,7.7,10.637381914140516,7.833728988632029,13.807705773098224,15.820644703900195,1.1861971584490365,1.1498278803192898,4,36.17106161723338,1.4137405210604193,7.72767283626642,4.5801360410096095,7.310087321364977,6.972712427106228
1507,中型ネットワーク057,中型株,46.2,13.9,15.3,12.5,-4.187316310477446,13.269978157234794,17.164318716545047,13.670422980011384,2.1969443642824826,1.5098844588480542,0,60.54104233898752,0.3217616396268429,2.5684121767915347,4.529473810116403,-8.458577434477686,-7.353961550966774
1549,中型メディカル099,中型株,46.2,14.5,14.5,14.6,12.040656350942069,8.0401059613501,6.4271186083632434,14.623519896187949,1.9309097015029018,0.747242453237853,2,85.17767229616567,0.6623558098893126,4.5655701368969215,3.112215390760805,6.274762559099717,21.167930086434406
1451,中型ホールディングス001,中型株,46.1,12.9,19.0,10.9,10.451292537356567,12.226855044976661,2.1180085182885264,11.07622119817847,1.6507118409590584,1.1754710870869938,6,36.351461453781454,1.0568169320674121,1.9451070480439945,3.6314565275055326,-0.8429404311325559,4.749276475148752
1572,中型製作所122,中型株,45.8,12.0,15.2,15.1,-2.6848269968020446,6.397721218753501,18.84103223531916,17.308339887511405,0.5734881890190276,0.6596456241515896,3,86.10135759717667,1.1066209325978236,5.352599196127229,3.781544616654926,5.827502747075362,-8.028646111654833
1511,中型ホールディングス061,中型株,45.6,12.0,17.9,13.4,0.6431199801693808,4.490327149182477,19.637091433140505,12.225961766872278,1.482052657756628,1.7972170588937604,1,53.767288360940164,2.4291218028682797,5.505727657753659,2.817649745766182,6.885444618370114,-1.9782732719965175
1517,中型システムズ067,中型株,45.6,13.7,19.2,8.9,12.226663516564034,4.119783342134259,7.8283450323722725,12.813429491614551,1.2056441595941765,1.6662040603407917,4,48.36539980064959,0.4687713075729236,4.4037653025409975,4.102297733719104,8.059045860136013,-10.488813955168983
1557,中型製作所107,中型株,45.4,12.5,19.4,11.5,4.609186494555515,9.69367804479373,11.094955933200541,14.791924499888461,0.4,1.802516665070569,4,52.93534014569738,1.076588102244207,3.8783844674482575,2.636834250361093,-6.768253283707267,3.821962509959902
1599,中型ロジ149,中型株,45.1,7.9,19.5,15.4,-0.229679742214973,13.008744596598731,5.384110089560192,16.91732404034017,0.5887240734452317,2.4963830201167547,2,83.31907960571161,1.3618594477895325,5.224409207389455,2.895482626859846,3.3368600414650036,-3.77304589739534
1485,中型化学035,中型株,45.0,8.3,20.6,12.7,-3.279103051357504,12.54399638424083,6.5626808762892015,8.040964285398209,1.1906629880442168,2.0167024435727403,2,68.59665900787272,0.9769653107705831,4.764343569009279,3.7249385325147837,-1.1853432395778487,-2.3912786059874307
1575,中型化学125,中型株,45.0,13.0,13.3,15.2,-0.048438342944304935,10.150627582101304,17.906395077794627,25.059568789474177,2.0021439203260742,1.00965651183163,5,73.31549626946547,1.562853991659361,4.412917719638253,3.790610463398025,2.565525967016738,0.6995900491517792
1544,中型電機094,中型株,44.8,14.1,16.8,12.0,4.41422832213942,10.742160802618931,13.733335163082424,18.32877913035188,1.9736301862435677,1.5551396933626704,5,42.230929646009585,0.8901785084929941,1.348123845899533,2.5492889163213843,9.385256933148053,16.263340411746654
1595,中型エナジー145,中型株,44.0,15.0,19.8,6.2,9.489965880074815,9.946405104616188,9.354731639758919,13.465061194544505,2.097967902403783,2.4310099772555143,4,37.74597681316297,0.7162549613123828,6.858204284598564,3.3577394197690484,-1.6486319734701613,25.173189987071567
1590,中型化学140,中型株,43.8,6.2,20.9,13.1,-0.17484147600707978,12.9851580114699,2.0663670307754494,12.335271273806908,2.03156964618152,2.503048282932717,5,56.829177891061434,1.7848730904927583,4.664458554185625,3.8569128033981395,8.565274663881258,17.005082652842923
1585,中型テック135,中型株,43.7,10.5,19.1,11.7,-5.510021016028203,4.388568020499079,17.413964280513568,10.261463519251322,1.0105235312851675,2.034349524315979,0,35.918162778070545,1.1747629636092891,1.3952469815903348,2.907185136176884,-1.6871461568820356,14.268322566013623
1469,中型電機019,中型株,43.6,9.6,21.1,9.6,-3.924023912222525,11.086673145756537,10.390973879733332,12.189445812603253,2.9076482786803597,2.748982874076911,6,41.24067721704214,0.7004275543344938,3.0662498983745183,3.6384057117217807,-8.137869402686743,5.836315725805591
1522,中型ネットワーク072,中型株,43.5,4.6,20.5,14.0,-5.1603667995830484,11.584901170119435,-0.21413810805216826,7.066824203475308,1.1239643441906073,1.368714164048924,5,63.50044345424464,1.6468993729677284,4.354290718882821,4.4126502314891045,2.988489599945675,11.641602809800037
1559,中型電機109,中型株,42.9,8.8,21.2,9.3,7.238745062056816,0.0,7.892690162111129,11.853510642173742,0.78629084428279,2.3656121502326517,3,17.334150203602995,1.307753984650878,1.3290165645797507,3.888551167352412,-4.691107486371992,8.360078462371282
1468,中型商事018,中型株,42.7,7.2,20.5,11.6,1.3793340191702992,9.501734679723171,4.916981423552976,17.010254205224477,1.5361888250000302,2.6810286647636556,5,68.85412336168018,1.0132955315880587,6.818058124740601,3.6875448931856782,-8.17490851574877,-4.02850894919461
1508,中型バイオ058,中型株,41.2,10.0,17.3,11.9,1.7437420387073796,10.6834007014452,9.171416071768954,23.394818290176524,2.168043830364188,2.6952729460685982,4,65.07813598572689,0.7690088223433125,4.542978636401902,2.610364596512639,8.012261963413385,22.23371002542597
1486,中型運輸036,中型株,41.0,9.6,21.9,5.1,-3.1799703923795093,12.453665889334111,9.22706226374321,4.0,1.12499958906142,1.2989659707450483,8,27.349984985920425,0.47932460013297307,4.997945357590259,4.58541052597117,-1.4698976323538488,0.41497012629306873
1490,中型エナジー040,中型株,40.8,4.9,20.1,11.4,5.163211070563674,1.7880776898466397,1.4170126624089452,7.4435215997632,0.580782597260044,2.045389241380091,0,45.350410723218324,0.8129570575089751,2.2070858504736117,4.558003465218498,6.9716855365831005,8.193552983312047
1538,中型バイオ088,中型株,40.5,9.8,15.3,12.8,1.129576200495686,12.147301822292148,8.387937842844885,12.175070053346783,2.017528217972432,1.0382666410656536,1,60.77343985867964,1.6847048953741026,5.228688542681729,2.9679506237107014,8.624261801517887,-1.409707521644906
1502,中型システムズ052,中型株,39.2,9.1,18.8,8.0,6.862191896637736,1.7159479902991706,7.605103428240089,14.954596220213096,2.1512645003360245,1.4287698337653614,8,45.67799156476359,0.8584540992074126,5.767243593416044,3.6691681218911336,-0.3121483740694595,6.138402425832879
1521,中型マテリアル071,中型株,39.1,9.2,11.9,16.6,-1.749115442522335,14.164341617786441,7.082994730516898,33.35718737398094,0.7397484921712647,0.9426175250186302,5,85.52764262141132,1.2322948284716109,4.030036356337094,2.0251620660330323,-1.0650692741506003,-4.883388749650804
1546,中型運輸096,中型株,38.7,6.1,15.9,12.4,-0.9435382190549024,6.094503162658927,7.383821570295804,12.856169638399106,0.5465644184031435,0.7779482338598676,1,59.5525690520501,0.6097028301232547,2.791553682050821,4.3468422529134525,-4.81067842448106,5.522650899073526
1583,中型バイオ133,中型株,36.3,10.1,20.6,3.5,10.076418290054772,5.497173334849242,2.3280711877554943,15.821239924136309,1.8415183394136965,2.7266980421045766,5,23.213397623069014,0.5194915360462652,6.552338586264607,2.662232991938371,6.665046186820135,-0.24325145999015163
1497,中型製作所047,中型株,35.8,6.7,15.3,9.2,-3.879808656363462,13.498940521478994,2.6044478618814146,14.350599970062161,1.1964607603920685,0.1149717033201223,5,51.15931488054048,0.2,4.511222563393654,4.6480049423911485,11.940746053779431,12.307477287817655
1419,大型ロジ119,大型株,71.8,24.0,27.5,15.8,22.07004308948111,7.20286123429066,12.746114636004272,5.87591383351989,0.6488147189109645,4.116368646725336,5,70.11860689239036,1.118477694359623,2.311075319199689,4.691080259946152,0.08004705208859808,-17.368857290761646
1322,大型システムズ022,大型株,70.1,28.6,26.4,11.4,22.74534647144476,19.86677451237621,10.929232762782505,11.421656741831395,0.5213119696116075,3.7911429530888654,6,63.642581261048996,0.2,4.169389266804726,3.9635362705714905,-5.162584106486868,-1.6582976893993875
1382,大型システムズ082,大型株,68.4,27.3,21.6,15.2,25.561041160471333,5.113421722398163,16.36007283245067,16.89905448392368,1.5878203426111743,2.7183479133882047,7,52.23366812148368,1.7270250907287292,1.6783519403954996,4.505787657743398,-2.366202721278137,3.2769778431845564
1353,大型フーズ053,大型株,67.9,27.8,24.1,11.9,25.060818261472587,14.100942993624686,10.938515706310074,14.998432419348608,1.8717431070405537,3.2250852012481537,9,45.61618746452888,0.7822962635280188,1.6376142923584358,4.232641376943191,10.490246641780391,-1.5060859177916077
1351,大型運輸051,大型株,66.4,27.0,22.3,15.6,20.782600103648363,11.12913633097521,17.339438055597597,9.377555813307957,1.7110814167619546,2.919400263791229,3,58.19313006346493,1.6062594184158003,1.9171749322841187,2.2464298806641896,1.3946230411353246,-6.829077137510151
1320,大型化学020,大型株,64.6,25.4,23.8,12.5,20.69530822657051,26.525335846202033,3.142166855873292,13.790506259271817,1.5390888856583567,4.328697644405592,3,50.584998773042024,1.3886687880308721,3.2825789340399134,3.2990751430159206,0.6970622129037531,-12.498749700439781
1413,大型フーズ113,大型株,64.2,30.2,16.6,15.4,24.396712744298554,12.453712818760865,17.926591971123635,18.14391653626376,1.9740724012746136,1.8753889484822757,3,63.27470719026977,1.4942766212326575,2.5724617036008333,2.5708853319330425,-6.661550197735963,-13.125636826234896
1359,大型ロジ059,大型株,62.8,22.8,21.9,14.5,20.281347216577046,17.68024341777714,4.395748010954362,21.130115945783672,1.7477384866485313,3.042545624204053,9,66.43668057150299,1.3700071181521678,3.6464313100699783,3.8726331264016847,-9.201666778285102,5.003452928926687
1325,大型エナジー025,大型株,62.3,25.5,21.2,11.1,19.95147620934234,14.194965793691495,13.139940883985295,14.22057427879175,1.3465820711014433,1.9025761766997231,8,33.790534783932415,1.3911751712088307,2.156828096490713,4.536997674773856,6.005213932387559,25.84775389176162
1407,大型製作所107,大型株,61.5,20.9,20.8,16.3,8.329851334779038,19.368056961265477,15.130169549553399,4.0,1.0777930116136227,2.435348972456049,0,56.69529504818162,1.6243788862052533,0.5441778527369374,3.869120750951898,-3.994940863778627,-4.0629442841561225
1366,大型運輸066,大型株,60.9,22.6,20.0,15.0,8.923795781142676,27.894268396837674,13.256427874223945,11.756412820291217,1.9782985091931007,2.2381674629156585,4,71.354824478058,1.0155427938855763,3.0014366461212507,3.611188177492234,3.5194987596326084,9.09959076923379
1389,大型ロジ089,大型株,60.7,15.9,23.9,17.0,6.1162230555005515,15.450522123820061,11.365435990137376,13.694524522716579,2.013330585269234,3.6301954031527313,6,72.32783630476314,1.1363226317160644,1.4893305517908093,4.158253471200004,2.1636787354720664,4.016078161053843
1410,大型化学110,大型株,60.6,20.6,25.0,10.9,13.963922263562544,16.855695034114557,9.140110935129384,14.69664305068794,1.1534138210722744,2.9905305963195175,10,58.26365592150555,0.5442781884313548,3.9839687122929637,4.336920597115834,5.4279571706867165,12.945986878299792
1304,大型電機004,大型株,60.1,19.6,22.8,14.4,11.204742302597609,15.71627085601721,11.715771341525976,12.006941756267835,1.4625129261467038,2.716685809140728,6,70.68571800306742,1.111797774387341,3.722044413529411,3.6540632555911134,3.234716392139905,11.575458710062485
1337,大型システムズ037,大型株,59.7,18.1,23.4,14.9,14.847946959258385,7.189544418291864,10.738542262254786,13.55753058189805,1.1009453133719336,2.785325649415382,7,48.893347290087725,1.5319257663671793,0.4445111929436725,3.6050712498898148,17.086042359574993,6.676956911503302
1436,大型ホールディングス136,大型株,59.1,25.6,18.8,11.5,11.030370348882425,20.549719770060356,20.338221019496274,9.815697808405961,1.3492933891291023,1.4237996833565671,3,43.65851481539795,0.4714225629308628,0.6066029087828553,3.4845724971837964,-5.800310510318442,14.105523509651594
1335,大型化学035,大型株,58.9,17.0,23.7,13.2,8.89537483143075,18.603308277640835,7.286069245678103,7.138853098925608,2.047055691600388,2.2685118279027456,9,61.90078803728447,0.9344312348983276,3.1277966092833314,5.0,13.96188317432252,4.832573621593344
1392,大型製作所092,大型株,58.8,13.2,22.7,18.9,11.06286331685845,11.946806616909035,2.1180625046102604,14.102813772512873,1.5557546194446372,3.212965380474599,5,82.57202003081895,1.5037553854932795,2.0380225904804448,4.200097449709556,13.10276091112912,27.525815209396324
1371,大型マテリアル071,大型株,58.7,11.5,26.6,17.6,-0.014046782508001954,13.985166500077456,11.777910443250624,12.266993798474452,1.9911836015324804,3.7575077580211342,10,64.529441328263,1.6817143560428494,0.3,3.34567476109723,-3.7020315379405577,5.430710333528705
1408,大型商事108,大型株,58.7,21.2,23.4,11.2,17.81914907336028,9.287210899440876,11.311062445053123,4.772691303634078,2.603622292976416,3.202652446306499,5,65.35983717999811,0.29509028552609484,4.628555335154783,3.340812179602856,0.2755829097093918,-1.899867379585813
1329,大型ロジ029,大型株,58.6,13.7,24.9,16.1,4.999927757443379,19.407277738294866,5.282058855937179,11.066499896258078,1.4416143342818355,3.4443851904853204,6,78.9212906278658,1.4283969912832635,4.0152761204021115,4.043293201059274,15.46591860207651,1.5380597336074695
1441,大型運輸141,大型株,57.9,13.9,23.5,16.5,-10.0,15.846181040185641,15.108643331087965,19.86735047190388,0.6842503008427455,3.273794393667758,8,83.05869246038354,0.5619450378860211,2.092381747820551,4.1978176409147645,1.8444604286289468,-9.407931224615297
1346,大型ホールディングス046,大型株,57.1,19.5,16.6,18.2,21.97837224598395,6.11692640285349,4.812682979574037,17.412690209859583,2.4277813039497342,1.377625687460097,6,87.78337931463597,0.2,0.3,3.2611147148313293,-1.6235304771324661,13.751215453043734
1310,大型エナジー010,大型株,56.9,16.0,25.7,13.1,6.174817164187543,20.00889445660458,7.803221862634879,9.85901504426881,1.4254929444694213,2.819996683971765,10,70.03200242646241,1.1784355295747546,5.133945204195211,2.648989556541719,-2.338509196498486,-7.118911296866299
1343,大型バイオ043,大型株,56.8,14.1,21.2,18.9,7.627105924959547,6.957319790284461,12.534248204495254,19.975995822312903,1.5695265563592709,3.1565334427512632,6,91.63131944915921,0.956452914473745,1.947250206997762,2.997177935714098,-4.6935760234670205,-10.933661451212904
1385,大型エナジー085,大型株,56.8,16.3,20.0,16.7,12.35945802332502,12.90181971513199,5.719725316795163,23.3577577338937,2.4054298520871424,3.0945566553228536,8,77.3552799426486,1.5650496582022568,3.6053785188027225,4.078677637659906,4.6179634400790155,-9.168052094564523
1313,大型バイオ013,大型株,56.6,14.7,24.4,13.3,7.042196171783087,16.913697555115288,6.503522007304239,8.890337401497852,0.6244182664373398,1.8747739354642468,12,40.21503977396105,1.4192446018681726,0.8747310794433525,4.345258410299396,3.809705796635179,2.120345228102915
1340,大型エナジー040,大型株,56.5,15.7,23.9,14.4,9.479074171709179,9.202138569752552,11.325401047501531,6.634249882033343,1.0918736461116552,2.6994774730157385,5,69.23451019042145,1.1723226131180262,3.7029868325943944,3.0493021742153923,6.8868924504632885,23.547243371487898
1414,大型メディカル114,大型株,56.4,12.3,21.0,18.1,-8.140976903515048,12.547426797235438,14.625219608540126,15.919505278451147,0.4,2.4092395396654513,5,92.72797750405792,0.27143104354022185,1.7967803153214477,4.964682144435652,4.199870048079289,10.759756882197095
1435,大型テック135,大型株,56.3,15.1,23.1,15.6,10.052665233522031,5.440984171113943,12.356140058068494,11.352088862427621,0.8961025400357265,2.913819020107122,4,71.0714046938132,0.6127449692433022,1.3858962053355461,3.074903285161513,-1.8938324901302335,17.190298666573753
1440,大型化学140,大型株,56.3,15.8,24.7,11.7,5.99549522301633,12.198467632987809,13.80367153797232,4.283106819710511,0.4,2.8738038453235197,5,58.06318497745478,0.7689364624137772,3.695836613631876,4.346111074392896,4.403893763709162,0.8700584991450024
1338,大型フーズ038,大型株,56.0,22.6,20.2,9.6,17.46571605284938,12.457600890866042,11.903885476648984,15.65930083364385,1.180714693185057,1.8205176032745805,7,39.672330594656174,1.3327926181567147,4.453516608002638,3.893225125789784,-0.21749240133415126,9.447586951704352
1345,大型テック045,大型株,56.0,13.4,25.4,14.2,8.096286496595049,7.501526067561231,9.949216964187215,7.271065088453266,2.23533027000852,3.847949985059432,5,61.542178081103316,0.2,0.41857421152240093,3.3649768638782964,-4.932798128561155,12.572757791567906
1400,大型エナジー100,大型株,55.6,19.2,17.5,16.3,5.8141303131970705,22.017547052006712,13.120998098979314,17.018239270856874,0.9926622629265437,2.2054271481306063,0,59.637527576580894,1.422741554240927,0.3,3.0708664861545474,-5.444787793400533,-7.584214337705163
1348,大型商事048,大型株,55.4,12.8,25.3,13.9,7.8822088927061085,4.881327823004699,11.231610737715318,11.160406574155765,0.40215574481763494,3.3138201364823994,6,43.94841757492785,1.725589424510532,1.7068256411744636,3.625686139176748,3.1134806860716058,-3.4359912095433636
1365,大型化学065,大型株,54.9,6.7,28.9,14.4,-3.0222461191337118,10.100967441050525,5.235540413856896,10.633923723534828,1.0716165964838722,4.027485283684505,11,48.95309394927734,1.952530107032235,2.5640376585723246,5.0,0.9402081020790494,5.572693912553731
1307,大型システムズ007,大型株,54.6,17.2,20.0,13.7,11.004723151738695,10.453267301398808,11.283876187787058,12.028444353600094,1.0458623074044497,2.218262106001671,2,63.76550465414047,0.7652988298986381,2.5224894137098373,3.9845973271247273,4.179187056179664,11.984621307673436
1373,大型バイオ073,大型株,54.6,11.5,22.3,17.2,-3.2069160734845354,11.560616287921897,13.701447324417945,21.19581183050292,1.4481268129565352,3.4863939595679527,7,76.60551264866778,1.1446795784785555,1.8597430319721378,3.868673005546419,-16.083566255116654,8.594628836620593
1428,大型フーズ128,大型株,54.5,20.2,20.4,11.7,16.18306215003731,14.681484845904468,7.071850092384194,14.58132148021292,0.4,2.9884742008515413,0,68.5323363850382,1.0643107962456329,6.796513239233061,2.7198915570205555,0.8840274537562024,25.57945241107675
1437,大型製作所137,大型株,54.5,13.4,26.9,12.2,-1.3420282993401136,26.04784485048196,6.743077745178024,16.432105851502314,0.4,4.306091758127639,9,60.34448567325003,0.3265987256102172,2.8792003799043164,2.702855163186196,10.274131580840164,13.710336782238073
1430,大型エナジー130,大型株,54.3,13.1,24.7,13.0,8.916200303942418,8.369924511495116,7.596997765809681,6.995983583308966,0.582212910555467,2.0621886536428606,9,43.48893896402544,1.3201068296643794,1.5310308348491564,3.7983580486815,0.6516269871371869,14.47667920111292
1314,大型ロジ014,大型株,53.8,12.9,19.7,17.7,5.673899790916527,8.726061522853048,11.230361007410403,13.27009911795532,0.44207596536292637,1.3220624256803808,6,83.42364261538782,1.079995806786719,2.2864510130022113,3.8286609116820345,9.336010450240948,6.632590016366276
1326,大型マテリアル026,大型株,53.8,13.9,28.0,9.8,11.846197529109158,4.139798721733797,8.665234135508996,8.967956844431104,0.9372041103436077,4.111228433276722,7,42.419252285582566,0.49314131677980055,2.5590077671772695,2.626751880495098,-2.5268416643794867,7.744113658614927
1378,大型商事078,大型株,53.7,10.2,21.8,17.0,0.1657045090107081,9.927634670820707,12.169551888668712,16.017959747199736,1.5381469838078365,3.27007924220219,4,68.61246694533651,1.1894213017291972,0.3,4.753843832948996,-1.5044684625414968,-15.861144118222207
1302,大型製作所002,大型株,53.6,18.1,23.0,9.4,15.017929655744263,14.337546711260227,4.703537685583809,18.212504704494993,0.6287821794197008,3.4784503013072725,5,51.67247745618531,0.6595352277980293,4.700574409613255,3.4763764143449585,-1.0699669329786432,-0.22560260585875547
1318,大型商事018,大型株,53.3,12.2,26.5,11.8,7.939974330169773,12.882866792268555,3.5780596388331674,16.542938689767244,1.4597598310972337,5.1174740375339205,11,39.64161968994124,0.856308319225412,0.3,3.1274343888292107,3.3936300215420427,18.470243450658803
1321,大型運輸021,大型株,53.2,12.1,24.6,14.0,4.094610048202679,10.668062549955224,10.16084944813128,12.668036687085904,1.6300769657815972,3.6127158178198284,6,61.33161535118566,1.0265776737889336,2.5001519075645455,3.0227535731657222,3.3989655700398482,2.832560819038126
1334,大型電機034,大型株,53.2,14.5,23.6,11.5,9.142619746079351,6.797280304212328,11.37348544231601,15.21348009587364,0.4,3.5282969915684843,4,45.389795709276015,0.46512379435515505,1.3222901019624,3.942312352555934,0.3645339543815669,7.943944027389772
1312,大型ネットワーク012,大型株,53.0,12.1,25.3,12.8,8.141691698750687,7.93529452344837,6.923213699101574,12.327419205641151,1.2014463795085304,3.6659802307876435,6,52.14457293330361,0.4821731235870942,0.3,3.2109536727413355,1.177304695090077,25.215158962958597
1328,大型バイオ028,大型株,52.9,18.7,19.8,10.8,12.772671886747233,9.145281692391027,13.068818449831053,22.41082933593423,1.4630146140960179,2.834400892698696,6,39.45978523469113,0.9262356598798236,2.225459441585754,3.906715091482796,7.498945481461767,-8.702432983740913
1387,大型ネットワーク087,大型株,52.9,14.3,20.9,14.7,8.816275774423394,7.05686425282697,11.251586390219066,16.01865130111382,0.7751306632008379,2.3641706378251475,5,50.137207671932266,1.8856706211338419,2.3227971958458165,3.4048831118581298,-11.08470574566085,-6.730488223753728
1349,大型電機049,大型株,52.8,13.7,15.4,20.7,9.769090347199434,9.332738264176378,6.941808388918954,24.17585583882005,0.571589763241297,0.1872196690705099,10,100.0,0.797365367275334,0.3,3.351612819043245,-0.21733769904401523,1.7209139077329154
1409,大型電機109,大型株,52.8,12.2,20.5,15.5,1.3547887780353225,15.473353058142044,10.279534250521115,19.91048884841824,1.2938437173601,3.1131998110771812,4,95.13517314537188,0.2160347917847507,4.769687182413372,4.694325960576776,-3.6129528357935623,30.751283326671683
1316,大型ホールディングス016,大型株,52.7,9.6,24.4,15.5,-1.1578161516466112,15.216633973445223,7.026974385702053,15.969268799679572,1.1855899710328412,2.9375745487989335,10,56.63052832423142,1.321969396638429,0.3,3.5610252784559058,-3.559381621757227,-10.625756725083537
1402,大型ネットワーク102,大型株,52.4,21.2,19.3,10.3,9.231632165884893,14.827302095845464,18.181129198650098,14.782348337947779,1.563231058735828,1.1149445208725641,9,41.310840734715434,0.7196229179561272,2.4599539692714205,2.3496925237281205,2.872620173573628,15.60959527510013
1355,大型エナジー055,大型株,52.2,11.8,24.7,13.5,-2.2465097621692305,11.715227293932355,14.245868107206746,10.14424710331057,0.662597581254986,3.1585489592742233,5,66.65472443277054,0.9931766041023516,3.762994566561221,2.771937508767487,1.4274920952703953,1.4717198276421182
1372,大型ネットワーク072,大型株,51.8,14.6,20.8,11.5,1.4284062464261016,11.169210790251338,18.410874401020248,14.98168122147773,1.5896546220331498,2.367730670075765,6,55.108300247849286,1.2241620329865797,4.597553563984919,4.917915198082664,3.357720491455001,11.074562632427225
1361,大型ホールディングス061,大型株,51.7,17.4,20.3,11.5,5.590423105467225,11.601352180715958,17.9878058332232,21.365279971080458,1.3080118073640263,2.848787309801083,6,51.34754827368014,0.4587864013058566,2.2281066203075275,3.003121394677989,-6.001893233538878,10.134661774570416
1398,大型フーズ098,大型株,51.7,14.3,20.0,12.7,6.7793073036622555,15.978890048721166,6.764211713350266,15.702646974690504,1.2191507844907457,1.763942885154213,7,66.70448210041056,1.2967773474527833,5.2665381770517605,4.759475840989043,-0.7496681390948123,8.476627821210139
1442,大型システムズ142,大型株,51.7,16.9,23.2,9.8,9.316930280213624,14.893308169075834,9.43981448165501,17.317509563079664,1.1189058688199889,4.078278935716059,3,44.42822627025198,1.0054927567637628,4.082117249861607,2.402101463924371,-6.361780498592635,-20.452742092816614
1368,大型フーズ068,大型株,51.4,10.9,24.0,12.3,-2.0631435969883576,15.621413387281141,9.315011841673499,4.648322480128538,0.4,2.587680707070689,5,53.1384379556566,0.986008771734891,2.9060077111183253,4.35811968787864,-5.166629405505349,-10.063659114809537
1358,大型バイオ058,大型株,51.3,13.1,24.4,10.9,15.501800746095492,6.896884902433313,-0.2991770327281422,16.594208926043205,1.9515867584453706,4.397594522434314,7,48.30909946145749,0.5534346892075687,2.520612325007178,3.360588236891795,-4.590407434372897,28.58506781035944
1412,大型システムズ112,大型株,51.2,21.4,14.0,12.9,17.50964385887385,11.279861699726618,10.450201982417676,29.95467875129011,2.3615080704125826,2.2934343787129423,4,49.14018979264843,1.2549491242382678,2.310596558348432,3.283804683997223,10.303087504254254,2.6294812986659575
1395,大型化学095,大型株,51.1,14.8,18.9,15.3,9.287860615207002,15.912794128575797,4.495515023477124,19.143705725156025,1.810099963852042,2.023352707766307,7,65.19137965434699,0.7252236894349586,0.47901682191220907,2.652697334481382,2.0190332515287706,7.924118425471778
1426,大型運輸126,大型株,51.1,18.6,15.3,12.9,15.056418307313425,0.2785105310566127,16.952261489580117,18.25037291135404,2.054490349021627,1.3801242551584785,3,57.62688929460593,0.9914810553312685,3.0095234584179815,4.467612128743973,-9.091321891817095,15.685828860607709
1350,大型化学050,大型株,50.9,11.8,26.8,10.8,-2.907104335374786,14.897805712382386,11.62253687643043,7.033566281084161,1.7894377121864216,4.652684981945891,6,48.92814708276689,0.9289983927962393,3.6074621805434104,2.2154627155942253,2.4863442178638135,-0.685567393553721
1377,大型製作所077,大型株,50.9,12.9,19.9,14.7,3.5790419242364275,9.586049206376776,13.352778047098631,24.87564706404538,2.5560590382202513,3.9148078715059054,5,61.34896293447417,1.383411435892122,2.7181203087390315,3.7046113503292357,6.4425187912570925,3.2886082476888134
1433,大型バイオ133,大型株,50.9,10.6,18.5,19.4,1.3305571455505492,9.357869344422372,12.031455780543542,7.969705532056933,2.033120700251631,1.2023138368815964,4,89.61303149319839,1.5636773808212112,2.675687186491792,2.8475758275990266,-1.6756338401993593,4.879303775028356
1432,大型ネットワーク132,大型株,50.8,14.5,24.1,9.0,-10.0,13.184130583940137,18.514537311370837,13.279370209788443,1.4818654997638567,3.6249216931253994,5,44.5427166064333,0.2,3.6537832949109523,3.5094652722168824,-4.5761031083289705,5.519160523332323
1443,大型フーズ143,大型株,50.8,10.3,20.8,16.7,6.261561802026167,6.408470913967281,7.077249449910417,19.968269139350248,0.8509200954520075,2.831282022743365,5,67.09805767173586,1.2375640336740044,1.254519346885702,3.465078597279638,7.762460386322966,8.720522443049164
1305,大型化学005,大型株,50.7,7.5,24.8,15.0,-5.657246558845332,10.401643918213493,6.648136728536023,12.166732910539949,1.1074004241413213,4.094941311234396,3,72.42901038264665,0.2,1.8972069460256051,3.7302024520840047,5.017333988155669,12.53471895751426
1384,大型メディカル084,大型株,50.7,21.1,19.8,6.8,17.48240125316352,13.21876240200824,8.24376176626812,18.595566710356913,1.3433415385759715,2.7103957256122184,4,29.83402612362069,0.2281873987389592,3.675840789906209,3.378639927931429,-2.0765333979369998,4.102067520677843
1415,大型エナジー115,大型株,50.7,16.5,18.8,12.8,6.916675496191026,13.649717693286323,12.888047651392679,11.143082086643401,1.9146410052357399,1.226996983114461,6,58.217337339153886,0.691853455903946,2.4591665044138358,3.1019678778675575,-4.930207961170466,-0.2433768993637324
1424,大型電機124,大型株,50.7,12.0,20.8,15.0,-2.540750152359088,11.72532566898541,14.663449102597944,23.58723885602822,0.4,2.2876445583441303,10,64.14542389358317,1.0976315157398864,2.1081675518176177,3.292959259433804,3.229314378541945,0.9715105001861994
1376,大型ホールディングス076,大型株,50.4,10.5,22.2,13.9,-2.332701060970175,17.52339607701265,6.938315638976347,7.498947444418755,1.6106688965681732,3.063369806032687,1,59.130670878344915,1.3677915462141867,3.1738956130712737,4.105585187009116,-6.925614588544494,7.972481859954347
1324,大型メディカル024,大型株,50.2,14.7,17.9,12.7,8.623963869712878,20.636751070820925,1.3306929754193115,21.18296808218913,1.0700323438139743,2.538675654171153,2,48.97978889759422,1.6500222973494791,3.5487794355778726,4.985849284327955,8.564471333866162,9.269040147154914
1317,大型製作所017,大型株,50.1,10.9,22.2,14.0,-1.025218935430006,10.32938279649594,13.579512711780065,8.041643693562616,1.3214420448160922,2.1158305666664217,5,73.04964085548288,1.269057718501963,4.9073165933969385,3.4763954566000796,-2.6756556700242182,1.313694197434006
1360,大型テック060,大型株,50.1,12.0,19.7,14.8,1.5504643292069984,5.600795211799897,17.40908309650412,26.373972045314222,2.251454420206928,2.8552134168558747,10,55.21695725083286,1.1013986384488896,0.5317515331684306,3.917593043599072,1.8623155705465027,-11.631825402013574
1393,大型商事093,大型株,50.1,11.2,23.3,13.1,-3.8239990465799796,7.367334444214247,16.424593933669254,9.650313694974177,0.4,2.113805869300953,7,53.156859281000266,0.6747181897972039,1.2864175688958839,3.030130348469833,-3.7770577719536558,31.37959452731274
1315,大型テック015,大型株,50.0,14.4,12.8,19.9,2.7125821533301027,17.531443550299443,11.143782192308068,25.214535951975954,1.4282641060553343,1.3755309682794998,1,84.71670278016249,1.8618328603916485,2.176865416091319,3.29345014309121,10.268665753453213,-9.284548184521856
1333,大型商事033,大型株,49.9,21.6,15.7,8.5,14.71373997368634,18.638430661338457,8.654310326369302,24.121515337416383,1.3644886609038764,1.7626017761725379,4,28.350342773829706,0.5559330731331737,1.8555699614660275,4.242868015502881,11.824618986995903,-12.586178184524481
1308,大型フーズ008,大型株,49.6,11.7,19.7,13.6,5.212116123924611,9.88350843977923,8.601408945468005,5.875993396251822,0.4,1.2773003876455977,3,62.195936081021856,0.5472604723199697,1.8193074027290985,4.639382638228852,-0.6375838263685556,12.850186821605039
1301,大型ホールディングス001,大型株,49.5,14.7,17.0,13.6,8.437736638035451,6.800079468797522,12.752255979032286,21.643388298347283,0.4,1.297820493137682,6,49.30763333781552,0.9915994212478556,0.9645209303675559,4.303518379890263,6.16675161257369,4.792368370734593
1344,大型ロジ044,大型株,49.4,10.0,25.2,10.8,-1.1103785058473479,11.646598091739644,10.671475642488572,16.30685235131297,0.764125305799201,3.500184564019963,8,52.126330466403694,0.673541927667644,3.487170257493639,3.7503788699888836,-7.1887635564902865,3.184236928187141
1446,大型マテリアル146,大型株,49.4,13.1,24.5,9.2,8.133889343813133,6.682201352826413,9.998175089557572,6.632782466866718,1.6800007571343172,3.62451267542669,3,34.53539353461218,0.2,2.0204556386646813,3.134724852574716,-7.806116474088329,9.436225075746059
1417,大型ネットワーク117,大型株,49.3,24.4,11.6,10.3,21.9801134224381,12.661732532013362,9.339565845846678,19.288770277853175,1.9269236703200419,0.6025333071101404,0,58.78524323955064,0.6425617190512452,4.861645471995846,3.347860488091821,-10.107184414278708,-11.216167002127964
1434,大型ロジ134,大型株,49.3,13.2,22.1,10.5,6.300185858716787,11.545645351870185,8.845837429579078,14.713749341769315,0.4,2.083489257839167,8,30.369982644079887,0.9052222442303608,1.0244429282124807,3.6890803435184893,-0.8317990864009088,21.728723979696028
1396,大型運輸096,大型株,49.2,10.8,20.1,15.0,-0.34020664366331577,12.132926706630494,11.852685180692427,19.709144287991805,2.386316084085742,3.8769808321980435,2,85.3045517716844,0.7345117477221426,4.38077106241797,3.654389300840871,-0.9728962707418054,-17.692362317299192
1421,大型ホールディングス121,大型株,49.1,9.4,20.6,15.8,2.863681633034148,12.699621560195567,4.917124462722125,9.119007506995354,0.6418451537519982,1.9651868360285434,2,57.91707206313175,1.3648578368918542,0.3,3.6201029689728266,0.18038522840198645,8.098104226441635
1448,大型バイオ148,大型株,49.0,12.6,19.7,12.4,10.078565662208943,14.75929385765646,-5.0,23.141834221060705,0.4,1.9839509744438748,9,49.28883894545607,0.266907008765229,0.5312732889099929,4.421524597056496,-10.029027183291829,17.547893211544206
1429,大型メディカル129,大型株,48.8,18.8,18.9,8.0,15.531117122331315,8.518939742100502,10.119837141867238,16.011996138490524,1.49736910717591,1.9013195640151703,5,26.235057245019153,1.067561725934041,3.3100372121592976,3.418064469884893,-8.190305343508726,15.86238235421755
1375,大型テック075,大型株,48.7,9.0,23.3,12.9,-2.0187518455264097,11.45136274152855,8.821946319049545,7.811550086790607,1.1209175500614237,1.8578079060025634,8,55.6230137353346,0.858602125426215,2.3088725248793627,3.778497614724933,5.200885198138678,-7.996546744032576
1406,大型ホールディングス106,大型株,48.4,16.4,15.5,12.9,9.015582285562978,6.365060448995681,15.64315533424718,23.473809761031237,1.9717133680250516,1.0852452242064607,8,62.28739157744276,0.2,2.4562647092125323,3.89162759122661,4.836451642938905,6.1271364033862685
1331,大型ホールディングス031,大型株,48.2,8.2,21.3,15.5,-10.0,12.271767926951911,6.6411198318083215,18.75631463029967,1.791367538354889,2.738241432058682,8,59.12580473407123,1.2650323528007332,1.2315881268342117,3.456310868934833,2.6806565799417434,13.846341705009026
1367,大型システムズ067,大型株,48.2,8.2,22.7,14.7,-9.495735461643322,15.332863343047668,4.089902900848497,7.346205186643532,1.2591121292989222,2.683981003314454,3,69.95857343802354,0.3289124168145465,1.767501252209394,3.1321006920535996,1.2204763779639638,7.346371415766866
1311,大型マテリアル011,大型株,47.9,10.1,19.9,14.3,2.8815215747538563,5.116569262218456,12.175754734072022,14.66666381740736,0.4,1.5844209187924585,6,70.08627822209885,1.9983654458458933,7.744952438813193,3.931527546620797,-4.437228720191185,-21.58455536877571
1303,大型商事003,大型株,47.4,17.9,16.8,9.5,10.25847348442679,13.827220321820391,11.06366305797994,18.584926018047298,2.7991533206093226,2.1935849836153847,4,40.3520908915382,1.3079897112877479,4.532150126897605,3.5088420338761,-3.5409388617751683,-5.893774588294875
1347,大型製作所047,大型株,47.4,12.3,18.9,14.6,7.933277758566705,3.125189701789358,11.577052014504055,12.534766675866097,2.1921130518588674,1.9724124635630804,4,64.74036899448157,1.3814632411684684,3.3065788550851662,2.2515221460921535,4.728206639569507,-8.411696620092787
1397,大型システムズ097,大型株,47.4,11.7,18.4,12.3,4.627483918269214,4.203083823471955,13.836496179213862,25.100755942835487,0.7421623074923169,2.9019707425192713,3,43.68727485753779,1.3872473519326856,2.4306311286818576,4.9917184335448095,-1.393394872217526,15.99203598969387
1323,大型フーズ023,大型株,47.3,14.1,24.2,5.5,8.109737634852156,12.262333991781219,7.539144070982225,15.379070391604234,1.1236158352551804,2.7525625121024686,10,8.800148063236641,0.8815748677451579,2.8177223584704043,3.8367951917496796,-0.7314874879277391,-17.080661389742993
1327,大型ネットワーク027,大型株,47.3,16.2,23.8,5.6,15.24249628885357,15.043807361122198,-2.4564475429904995,17.82620037418156,1.3504235012628045,3.013890285372693,10,17.86171101751463,0.7044482874044472,3.5636313810280384,2.3347244804368463,10.355694288321054,8.420279352407901
1420,大型テック120,大型株,47.3,11.4,22.0,9.8,-0.42592073561364074,14.755958643508471,10.977545531812542,6.59765049858737,0.7929602364142594,2.0182786507977535,4,30.233555405172073,0.6858144459402606,1.1885011265328507,4.217226607809535,6.354727865941463,2.250274502934208
1380,大型化学080,大型株,46.8,16.1,18.3,9.8,6.288479414382364,11.976835138878274,14.2276613739484,23.125806356326727,1.4419425337766572,2.0996389226031003,7,45.49748252816236,0.9993036742783256,4.275045370529382,3.1537829232084613,6.334071835455005,12.12881642430763
1431,大型マテリアル131,大型株,46.8,3.8,23.0,17.8,1.721509294251537,4.137358749987795,2.090254843181837,12.808735036343457,0.42565802052536317,3.0102120156795515,4,97.74291790047576,0.2,2.866539721677642,2.697637581195465,-1.4604080422960717,5.69703368008653
1374,大型ロジ074,大型株,46.5,7.0,21.3,14.5,-10.0,3.3826829629729094,11.258843004704921,18.86517602360077,0.4862998539020488,1.8878979581210613,10,46.28745763169183,2.1214601562014925,2.496544264282577,3.9264289415050135,11.201246390991646,5.572325394321035
1404,大型ロジ104,大型株,46.5,11.6,20.4,11.3,4.289563535276074,8.010586181907524,11.138981991235664,18.633946176333367,0.9312992256376543,1.5676029804451526,12,60.883182466984415,0.6338573092989621,4.148674544103278,3.5126838787509325,-0.017288677906987626,10.74727446297392
1416,大型マテリアル116,大型株,46.4,7.1,18.2,17.4,-2.831909082973292,13.61398732046624,3.2495725292381827,20.271862137946307,0.472964652449826,2.033705084418994,4,78.85264111974709,1.1651449728082959,2.1188791554200903,3.9989755528557787,-11.143154083978128,3.4823969243091106
1386,大型マテリアル086,大型株,46.3,12.3,21.3,9.4,11.605785254876686,5.22093014436723,5.027002724374725,23.821390406848526,1.8881541138859381,4.087398289685863,5,34.25952085701819,0.8797814014648286,2.6836563350330334,3.663190973072008,8.30208287254021,-0.33524510004134633
1439,大型電機139,大型株,46.3,7.8,20.5,14.6,-8.817294843209613,10.371509449631358,7.36347284872488,15.111565572713475,0.9055700022024513,2.1569878467585326,5,62.964182889454804,0.8477866185716664,1.7626319289375965,3.6738832306035665,-10.025495555371089,9.724421526717496
1339,大型メディカル039,大型株,46.2,9.0,20.9,16.0,3.530615555628699,16.677735627325745,-0.1570304210756177,13.986355791288123,0.4,1.104939169772795,10,71.11332967549035,0.6402598833576048,0.3,1.2283769297266791,-1.7609730475958072,33.044980146968825
1341,大型マテリアル041,大型株,46.1,10.9,21.5,10.9,-1.7611961572113009,7.5615217214272015,15.678921681601164,14.851936079829638,2.2826749744465897,2.1574642881078163,10,57.36674470249814,1.1291144116613476,5.3164924390058275,3.3105836180446633,-4.14673257554975,-1.3827704963402523
1381,大型運輸081,大型株,46.1,13.0,18.7,12.5,-1.638334537046572,16.869470641087005,12.492831726857526,16.611555324235944,0.7663735793806435,1.7407939814244302,4,64.76670033925528,0.522187416299301,3.287522047515766,2.606595576897286,0.2755884933669064,5.315773054888103
1336,大型運輸036,大型株,46.0,14.2,20.1,9.0,7.281524746536602,17.381200787331927,4.771694836163264,17.99842223570953,1.2818960064323006,2.913908211457554,3,26.387785120438558,0.2,0.4887085966187059,3.2330597720485335,-0.25914951989257107,27.246773949154203
1379,大型電機079,大型株,46.0,7.4,24.2,13.3,-2.3603496766904186,6.89477419660839,9.260866593287668,14.356896966722577,1.0642176226515851,3.219701965482479,7,60.68886167159715,1.2049142286643464,3.609042402404029,1.9136373265780455,-0.6866295135867673,-22.162520773873688
1438,大型商事138,大型株,45.8,6.6,19.4,16.6,6.763512307901889,0.0,4.082920106704847,20.126566789599234,2.149018584206209,3.7091698114921314,1,60.427941522632274,1.5077576082414648,0.3,3.593676387701411,3.1430543898507377,0.3908249818391809
1388,大型バイオ088,大型株,45.4,14.0,20.8,9.7,3.8954126043491772,8.570736619116786,15.908537966888986,15.010373347622687,2.2019109745227765,2.661704634050368,6,53.40166394117498,1.0018981258107296,5.593831005489747,1.7443114185990254,-10.509274466632073,-2.5180499726733663
1306,大型運輸006,大型株,45.3,15.7,14.8,10.9,12.346777881599401,10.256374638757812,6.688241036677164,21.147855287542924,1.1660869725828698,1.3243136766620782,2,38.449858851971,1.248580372026882,2.7563663249270176,4.152388283254215,-1.0635158780192056,5.9024762929205705
1362,大型製作所062,大型株,45.2,11.5,21.2,8.8,9.13011727946588,3.06646244315961,8.386576812524364,21.97420831539954,2.0414566172274244,3.6258368428852386,6,39.78918409655528,0.4581505863209697,3.1202888285506436,3.9034240274921306,9.223986669630392,17.199755804105003
1405,大型テック105,大型株,45.1,14.8,18.6,10.2,-4.33505814585352,13.763136019585861,18.56477403865876,18.797065973183866,1.0366515273515748,2.092894719571758,4,50.42867179513994,0.811096733620864,4.149360593934221,2.2134327174328137,6.672000302472804,-0.5562383017107333
1352,大型システムズ052,大型株,44.9,7.0,19.2,16.7,3.261272490688941,11.592061151574395,0.471738919922414,6.306049964075932,1.6374467848678678,2.0772813038303197,0,69.12719265894643,1.13618487763712,1.2150253167343288,2.546535831153407,6.5148473778860225,8.192207470725155
1370,大型エナジー070,大型株,44.9,6.4,22.2,14.3,-0.8985436758043441,14.394377692602308,1.3217896503694035,18.338150231920014,1.3717872286083868,2.452557510081833,10,43.80026598469507,2.030149085262039,2.0942233913894213,2.5783868440238176,1.9195174859689517,-8.914942403825219
1403,大型バイオ103,大型株,44.9,11.4,18.9,10.9,8.343470587978333,4.055512179106374,8.380953528351702,20.452173417876942,0.4,1.5252339861822861,8,59.86171781555116,1.2059857910633769,5.847090653721961,3.9748422228049622,5.447328062599076,36.528946326619916
1390,大型テック090,大型株,44.4,12.8,20.8,5.8,17.783628577516595,0.0,1.9115791492021517,8.877577441753779,1.045717546701836,2.34539183023397,1,37.267155418405125,0.5695791607382149,6.923363365736606,5.0,-0.9704965061078958,-0.3629994836815875
1383,大型フーズ083,大型株,44.0,13.8,18.4,7.2,-2.5757004183217536,14.2751186017376,16.22562978463267,15.535862921074875,1.1621800109072633,1.4853830369320733,5,26.329703325012503,0.5435610066405864,2.9082148829964436,4.655210558193117,18.35526516737702,-3.039021020850808
1444,大型メディカル144,大型株,44.0,7.9,18.6,14.0,-5.175696462009052,15.278090305856914,3.576946887818809,24.475078419766035,2.0168691878887173,2.8898854759184007,6,51.23741939150644,1.3392619757000142,1.832599294968289,3.7884558965119153,6.731606199116706,-2.741678522307076
1369,大型メディカル069,大型株,43.9,13.0,17.0,10.9,-2.74659086309906,13.444583335843534,15.224736893232228,13.411963370562937,0.4,0.8960071373896246,3,44.960880025086134,0.7958056863726368,2.5694460213656507,3.3506029353420423,7.796037663260443,-4.112207668176424
1356,大型マテリアル056,大型株,43.6,7.9,23.9,7.1,-3.7271273928330455,4.182610260656558,12.428745176373308,13.89428570669213,0.5844038028468694,2.5038210630766677,9,13.946718783305386,0.2516806550483368,0.8388044045885183,4.768943093376263,3.1955218975157793,13.207806885534723
1445,大型エナジー145,大型株,43.5,5.0,28.8,7.0,1.0704580800744434,6.028172596377705,3.6776362693691382,5.029628131350986,1.8108801523108706,4.408914542082771,10,25.730479204722705,1.3624273357781,5.059791429862402,3.234552015409069,2.108684583900297,-20.094716609656047
1427,大型システムズ127,大型株,43.4,9.3,20.2,10.9,6.066255279663416,10.981090694377261,1.6444238280755483,19.01829201026119,0.4,3.248394011238713,1,55.96224242711453,0.9404155813360398,4.605168665128991,3.457075864788888,-2.664831366873994,-2.0792323516544364
1357,大型ネットワーク057,大型株,43.1,8.2,20.4,12.9,-3.121287353009844,6.402320623647369,11.239068583613552,16.34964598561268,1.6841171732048887,2.412329009071548,6,57.84614352829197,1.3888836945424627,3.952614907500047,2.304102404486584,-11.983611332045133,16.020944771818087
1364,大型電機064,大型株,42.8,11.9,19.5,10.8,-3.115432008732597,9.59379438067294,16.18888469958231,9.027522923594278,0.4,0.7381548467574885,6,55.55651100458858,0.9411945722874395,4.685541692071303,1.4617324535176497,3.8756032465849417,22.737258421642878
1418,大型バイオ118,大型株,42.7,8.4,23.8,7.0,-10.0,10.829372313585438,8.058079363678083,13.453223741308614,2.055215327320817,3.798519836516694,5,16.575513985416592,1.3086407902461292,3.499648411315436,3.847513256125556,7.388878495848695,-9.97793715753248
1363,大型商事063,大型株,42.2,9.3,19.7,10.3,4.942170747750623,5.778970605695653,7.404467014945511,17.303387168863146,1.158541728227417,2.0221058919223442,6,45.92876065460901,0.685966958137313,3.0606151017461913,3.278405935896636,2.964626333870113,7.278448274225473
1309,大型メディカル009,大型株,41.8,6.5,17.5,14.4,-1.468941440079016,10.97281221066185,4.249889725447094,13.965801544596625,1.8882156962201768,0.8726795768076514,7,59.279240841981,0.7029250221516028,0.3,3.6577036061710957,-1.6769562543828145,6.792114536256447
1423,大型商事123,大型株,41.8,8.7,18.8,10.7,-10.0,16.713829006126375,4.075025361377791,13.266832929979417,0.4,1.1900302969161243,5,41.86761050555836,1.1889854989973492,3.3145691541632654,3.856679717059686,2.931604745570662,22.933218459182633
1394,大型電機094,大型株,41.7,15.4,13.3,8.4,8.380088569484439,16.433795272023694,6.5546126594053815,14.884259936883707,0.8005122130407516,0.0,1,22.408863760352894,0.2,0.3483538462634148,4.659964543505305,1.2333829937738736,19.48676514785409
1401,大型マテリアル101,大型株,41.2,11.0,12.5,15.7,6.427853014575202,1.5779892250576282,12.07135219178532,20.523130419602094,1.1242281883741614,0.11929149001545847,3,77.19223481384853,0.2,1.8744578580516653,2.655999377226193,6.327421809509019,-4.101367425721536
1319,大型電機019,大型株,41.1,3.6,19.5,13.0,0.16732929805113184,8.729267799661017,-1.7364451486932744,15.024004476730553,0.5563099116983059,2.0705605726339265,3,53.30327402345397,0.2,0.3,5.0,-6.224535487644186,-9.161426941455677
1449,大型ロジ149,大型株,41.0,9.2,21.4,8.5,5.559183207661685,6.038023347787832,6.084424638486544,9.896653953390153,1.90635764060097,3.332427809762838,0,47.735341866651986,0.5684071688278615,4.828317943226867,2.5199207054988633,11.125374628110084,3.6004631257967494
1425,大型化学125,大型株,40.7,11.5,13.5,11.6,5.659371031644446,12.392993530575186,5.609642357532504,19.19277624328863,3.339971253890794,0.8230133606739249,6,41.3165784048597,1.288701288759625,2.58380345199015,4.209483819233971,8.553039459052677,6.309053413218176
1422,大型製作所122,大型株,40.2,7.2,15.5,15.0,5.896489855171295,4.732003600341846,2.688053505714173,16.176541453509838,2.0201466438218567,0.3858126289569972,7,76.41319609517757,0.9234870618968934,3.4903644928475934,3.037544735281758,0.7838028043387391,-15.450962219697818
1447,大型ネットワーク147,大型株,38.9,7.4,19.1,9.6,2.4002369450828067,6.621320206773838,6.227137971797765,22.427827233577695,1.7220558606286556,2.4699739385015103,7,34.1035847850387,1.0161850503635153,2.765180194875647,3.2241307932010184,4.112750015744507,-5.3652014557334144
1332,大型製作所032,大型株,38.5,11.6,14.0,9.0,2.850070622203423,14.605836278660563,7.670806040423105,15.294746996031218,1.880663329416851,0.6069396289458442,2,28.320662846029226,0.2,1.2791240077206818,4.199547119782192,-0.20930439829544856,6.373480983302226
1342,大型ネットワーク042,大型株,38.2,14.2,14.0,7.0,9.61867160514511,4.171204639097429,12.187354513255608,12.767372094293542,2.1034688625134943,0.2057396950995285,3,24.643573277786164,0.5868852668180238,2.9457986219960977,3.456618699640196,-0.02026541368808976,2.0897815434392704
1391,大型ホールディングス091,大型株,38.1,5.2,17.8,13.1,-3.193631977506353,2.4593479338736657,8.41559906795738,10.012888100535847,1.2406046278365932,0.9997941509565227,3,57.675287715450956,1.1831047988919687,3.251449525735626,2.5436088126743703,6.62811438081337,-5.602540359222203
1450,大型テック150,大型株,38.0,5.9,17.6,12.1,-3.295475251040701,8.613629079953611,4.991905796157747,8.352289587906963,1.366378801811263,1.3720844493081568,0,48.165823524732886,0.2,1.1461104374784634,2.8727176891173154,-3.727296432154885,28.011557219081844
1354,大型メディカル054,大型株,37.8,11.0,16.6,7.0,2.60181017765527,13.570386119348996,7.771192499935493,21.71232191883934,0.4,1.7732949530831055,3,13.23359177704939,0.518180777815598,0.852718991477333,3.4391162763849357,8.177795349961581,1.0592721857115714
1330,大型テック030,大型株,36.1,11.4,14.1,6.9,-10.0,20.021271807585705,6.711502845215872,16.6472826660582,2.216685479402369,0.9977404589410748,2,26.176997131860634,0.6029318549872881,3.2913458908305886,4.0193502742502165,3.1576450759713226,-12.953190606708397
1399,大型メディカル099,大型株,35.3,8.5,19.0,4.5,1.0111944859342987,12.116776580572777,6.001252754405677,25.72042185481631,1.554588705240074,2.381970871895578,9,15.928922623682595,0.2,3.9325095793955933,3.6483747584938944,3.002677801564564,-11.916753239822585
1411,大型運輸111,大型株,34.7,7.8,22.5,1.8,3.8325749587375353,7.355054164347102,4.659032846796101,6.187220509252853,1.4658640280821649,2.5165512167734065,4,1.798861161788743,0.37634126515291555,4.5175131725257005,3.0682991999494953,3.6635500659410485,-12.688225159703073
1693,小型商事093,小型成長株,71.1,34.1,17.5,15.5,30.605644998611155,25.55915562821415,8.264685864530241,21.867476524139818,2.185570754129996,2.4061991600164907,5,60.56049927971433,1.5182798322004372,2.1302214728459017,4.1120217261945475,2.7205890553486776,10.87908152654001
1660,小型テック060,小型成長株,68.5,32.7,15.9,16.1,28.36194409659007,23.264324874692864,9.064990082637289,12.63557568604827,2.4877120741529817,1.3582185755475376,2,67.9585069974201,2.1604550013349364,4.2877036340325,4.039130342072817,-0.6373764511165536,0.855275729407559
1649,小型電機049,小型成長株,66.3,29.1,14.2,20.0,30.314028877072484,8.063384454688627,11.819098488836751,29.132265780467307,2.3070880436978385,2.2314771139274168,4,68.2223998875976,2.3971158896642932,0.901988496701744,3.3938189751154546,7.198021813604367,3.025339438472935
1692,小型製作所092,小型成長株,64.3,30.3,12.8,18.2,20.233449715597363,17.55137438235588,19.5236584991076,22.144969976589948,2.286235845870247,0.0,8,68.48405098419289,1.7399011600257888,1.1876249069441132,3.3990640087945003,8.055487906478511,10.9669077135869
1694,小型電機094,小型成長株,63.5,29.1,13.3,17.5,26.870318172234054,13.060025309583894,11.825170032510767,28.06345123317445,3.3567487896551533,2.446493075483833,3,77.45965602523681,1.4000729689494378,2.3259638462963093,3.923188985788092,6.027444947603428,-3.07154378499699
1651,小型運輸051,小型成長株,63.3,29.0,11.8,18.9,29.959644780533313,10.612299935465504,9.557739411978927,30.150115906084217,4.046726921469606,2.4235871779728866,3,71.32294185930576,1.8957494660424126,1.337429384335172,3.915318669721586,0.5955591911388307,17.82173680155897
1604,小型電機004,小型成長株,63.0,31.6,12.9,15.5,33.843624271445485,14.57590441576395,11.478296975410391,22.973060447334102,3.2921178213317877,2.037050541842469,1,86.54248122803709,0.514992484014212,3.5001839253457536,3.367924070316451,0.6380337655559183,42.60633245578248
1652,小型システムズ052,小型成長株,62.9,26.9,17.1,15.6,20.1802589791413,16.506041635571073,13.5905173250323,9.5618183750722,2.9252241981936264,1.4421529522992627,3,61.15345296824557,2.321080845965203,4.16047163241899,3.7501386401544847,11.266951364303413,18.351115996359184
1681,小型運輸081,小型成長株,62.6,27.0,17.6,13.8,24.964864870594294,11.391898313209202,11.677906436376482,23.458540763409612,2.687139398173439,2.6893795460173537,6,69.38062118991822,1.4873528672175238,5.119562143247193,4.303976315286045,0.021089706754824356,13.070733588413574
1626,小型マテリアル026,小型成長株,62.0,33.3,13.8,11.3,25.350382625604382,15.986170264894959,22.75069492087509,23.989751900202798,3.433442963085719,1.9624630046819957,4,45.70206584536224,2.203879402627099,5.812784876367745,3.879667615832302,6.226086123253725,16.713296120532455
1601,小型ホールディングス001,小型成長株,61.2,27.7,16.3,12.8,27.138537172003957,17.3126306489064,5.388428846959702,26.613641920603058,1.6672409113371254,3.2463178589103237,0,44.138876060343236,0.9796995725792477,0.9060111418988153,4.482075127805237,19.534687406500975,8.291010568248591
1680,小型化学080,小型成長株,61.1,34.1,13.7,12.0,24.583273843237784,21.478533605900143,18.283049245208034,32.10177237687833,2.1620819578864294,2.5314287510323434,3,56.05490205699081,1.165864997347351,4.062210806724942,2.063152732129236,9.198039652117176,2.5571502236716785
1603,小型商事003,小型成長株,60.2,24.6,14.1,17.4,28.32060439577785,6.891189654764422,5.828888962711984,23.46675568755683,2.0606142141965322,1.5552517759761009,3,82.7853118881356,1.6982434087054592,3.9755692473720643,4.359783824275336,7.818364038410291,14.817211561252625
1609,小型メディカル009,小型成長株,60.0,30.7,12.6,13.5,33.43829961976334,12.462361176414921,11.409862830964654,30.81818031691212,2.2133865737020204,1.9662883065324868,3,67.6162603954536,1.8434768338854082,6.701093790064306,3.536764281750004,4.321757774771694,32.104635479870936
1613,小型バイオ013,小型成長株,59.6,34.3,11.0,12.1,28.926536025438555,17.567302312222438,15.943678114405731,27.409495548053318,2.9714574589311273,1.8635089284515265,0,51.68865998345642,1.590715698975181,4.347503442477817,2.7407148005887962,4.55142461952015,12.872014709254582
1679,小型電機079,小型成長株,59.4,28.0,10.7,19.2,31.574533672768993,14.511551669044302,4.354644266288744,27.691942849930182,2.996844519146033,1.7727923614357406,0,77.90288881404973,1.5935709933851079,1.2329017037323569,2.2678665812139887,11.735359220896092,28.35181014058123
1641,小型マテリアル041,小型成長株,59.3,30.1,13.3,13.0,31.250730375192184,17.826712680681425,5.891363264812687,23.8259252828999,2.097278304792053,1.5275336936257993,2,37.9707761946493,1.4056278934943862,0.9105977957061988,3.357474809544192,-4.932235023923109,20.345929920615355
1645,小型テック045,小型成長株,59.3,32.2,7.9,15.7,36.28496598897045,18.434131643996018,9.608250605794279,31.07556996058737,2.9803870048935885,0.2833752380252613,4,70.00749703987938,1.6078493569429761,3.524544519763808,3.744843594079721,6.376325968954757,14.709119996300208
1619,小型電機019,小型成長株,58.8,23.4,10.1,20.9,13.5777354951067,10.954484280883396,19.914361195203668,29.209945255806883,2.0935947610432106,1.1053282873486918,1,100.0,1.6425619206711362,2.914875275280544,4.536022334229683,-6.046217003757073,15.13184187657317
1654,小型メディカル054,小型成長株,58.1,29.5,12.1,11.7,18.33273380357474,18.24258052694252,20.72948239889324,29.44042907585248,2.595107084904959,1.5571183686744448,4,56.52608978398847,1.6651536560887732,5.724949072341545,4.912367194619561,9.455629755411751,14.529666759987117
1625,小型エナジー025,小型成長株,58.0,29.2,9.5,14.4,26.431010562230654,13.334617789943666,12.399573774656279,36.27899397852633,3.64666449171002,1.2774105734360883,7,56.04397627992449,2.3114867243146904,4.5765277983639905,5.0,-2.1548915606948666,5.727856973391901
1617,小型製作所017,小型成長株,57.4,33.6,9.2,12.4,33.75010995723665,14.149168935633192,15.793855173688792,31.351091089645376,2.350051501251493,1.3471223054393402,0,52.04237537438413,2.0634715716061494,5.354383843260365,2.834899598307366,0.5985419389937565,6.252840770507934
1615,小型テック015,小型成長株,57.1,29.0,7.1,18.8,22.622853794138432,12.14693473230069,18.130948340534317,27.881452840984892,2.2272109727570792,0.0,0,76.58358510910696,2.638269344771545,3.710898623141057,2.7877155879037563,-2.1097912497052835,20.623458755667187
1643,小型バイオ043,小型成長株,57.1,32.6,8.4,13.8,25.39398509964151,14.096637118336949,20.001829584406654,28.040407204609732,2.2619500365269736,0.5531141441727172,0,70.31047058469792,1.7949251231576362,8.044552866047072,2.902531207516476,3.3932325579489038,7.090897706741412
1665,小型化学065,小型成長株,56.9,26.6,13.3,14.1,39.934702400087886,2.7964786950102756,11.05833048433677,27.977865846109648,2.2532002554020547,1.699825832128283,4,62.14041686720627,1.364663122328153,3.3984776983830356,3.316170677081751,4.529761831245424,11.744010781798405
1647,小型製作所047,小型成長株,56.3,23.3,9.4,21.4,23.923370833024723,11.498925706218687,5.5597162803407345,34.51365641784435,1.8846331711305424,1.5969436900282155,0,91.82828480211766,1.874775269463073,1.7855138324267494,2.6663339582317547,8.63315123134586,10.851462431477998
1642,小型ネットワーク042,小型成長株,56.0,34.7,6.5,12.8,25.02370100827259,23.53974246673441,17.239366447486713,25.462514465064984,3.3726490652921397,0.0,0,68.99656557735199,0.42087516862603636,3.5331105871190105,2.5837893663052633,5.607842330919581,1.0671637034328398
1662,小型製作所062,小型成長株,56.0,23.5,10.8,18.5,16.055036739564393,13.394857921100122,14.805005518157202,32.29717443827605,2.734275721437144,1.879123779324209,2,77.27124813331824,1.2550738957054248,0.3373409401764449,3.614687190414818,9.351944378879754,20.904167981690833
1691,小型ホールディングス091,小型成長株,55.9,27.6,9.5,16.8,18.174680603870765,13.755782071329948,22.568930200342116,26.33597074723799,3.667194919271421,0.8390450855645601,3,64.25925460940473,1.923925813150062,2.366043096864508,2.6127611815846516,1.1685428577378696,15.196524515889092
1671,小型マテリアル071,小型成長株,55.8,26.3,9.8,17.2,22.53744887723185,12.066581787558587,12.912830515254955,27.761426611430956,2.9223735289145645,0.0,7,60.34881035637797,1.7903113097234926,1.1194175852387565,3.0231997910005997,0.9661048020775134,31.636685174102542
1605,小型化学005,小型成長株,55.7,25.7,15.2,11.3,21.470458938489912,11.961346141977835,13.129810567167524,15.983117568845023,2.2680924522585593,1.7832399694454042,0,48.08024706959512,2.1547628182572,6.012457921713292,3.8135923777289134,2.2692959957679966,11.126347218604117
1675,小型テック075,小型成長株,55.7,29.2,12.1,12.8,27.330298260105153,16.54187662508974,8.648131628544593,28.51906474472377,2.1703918323016387,0.46740333922848737,8,64.7225167967326,0.9062367120064133,3.9246036131950452,2.318563259149352,-2.19406235509007,1.5065223686145082
1696,小型運輸096,小型成長株,55.7,27.0,8.6,17.0,19.4137392118691,16.067397720278606,15.306750559928531,24.51208910820877,3.1282087217793193,0.617921070651483,0,54.27536342487224,2.0394943200711895,0.5727496380701766,3.490152960332432,14.511567285111722,4.872644563874232
1677,小型製作所077,小型成長株,55.6,29.6,10.0,12.6,20.625129608104018,19.89668904859603,15.79685033653679,19.1965480390794,2.0285040795155327,0.0,0,61.374784570077345,1.8073220240409111,5.8592851500685015,3.6465400709800657,2.3259226636807413,-10.986894923558491
1700,小型エナジー100,小型成長株,55.5,24.4,10.1,19.2,21.98742396424643,14.55090288890679,7.775955528467064,28.63891716761609,3.15797929732206,1.1276005842711285,3,88.42694221145217,1.968483270957171,3.728330304295387,2.4625933184933775,1.3999683517332837,11.364426176991016
1666,小型運輸066,小型成長株,55.4,26.5,15.0,11.5,24.019594516739144,17.766060324139325,6.848699262007116,21.696016604601105,1.5760373793615334,1.6663974003575994,2,72.09481528678987,0.7852508808182658,6.812906621184249,2.9129192734837135,6.009234842667535,24.252615928140465
1689,小型ロジ089,小型成長株,55.3,20.4,14.4,17.4,4.983219651073107,20.86193717071788,17.51900064700717,21.704218984517155,2.797900249570622,1.819507060201324,3,65.66801573130262,2.0475770406562983,2.2847175446378034,3.424942758931703,4.89290817024565,10.72685542794749
1607,小型システムズ007,小型成長株,54.9,33.1,7.1,10.5,27.95466870999741,17.87614593425357,14.6370554759877,26.466161769713228,2.5497289240118253,0.0,0,51.803864569769615,0.938014118785283,4.391863140037795,4.357302295189608,-0.44837459397490065,17.401297228935647
1650,小型化学050,小型成長株,54.8,27.9,4.2,18.5,24.405716334541825,8.46708753106061,16.452786591371265,34.347008608773436,2.9906333807898298,0.0,0,73.1647800578369,1.5105993217561828,0.3,4.394264307094592,5.819939037522994,4.171104031999459
1684,小型メディカル084,小型成長株,54.6,24.6,9.5,16.6,16.30076101318272,16.93291168666741,13.979091939407306,17.73076374890066,4.130378178803877,0.0,3,70.01927899555946,1.6378183911645385,2.709761612109107,4.061802120912402,-4.3622048436585725,13.210054535912924
1658,小型バイオ058,小型成長株,54.4,25.2,9.0,16.2,17.0916595256868,18.40461731599599,12.90508700159569,27.746171645964406,2.215233797806374,0.7412173484192329,0,66.06043765658227,1.381875183688156,1.8996697202551196,4.193515471760476,7.561042880128552,8.623247190293021
1661,小型ホールディングス061,小型成長株,54.3,30.7,8.3,11.1,34.9129113841959,14.50450767573534,9.883854082769325,24.27163303871729,2.3456138148532197,0.0910409789541583,0,35.992432760030844,1.4024978111727904,2.5327334334232807,4.285727428354636,6.758459919601499,17.183812160935798
1699,小型メディカル099,小型成長株,54.3,35.2,5.5,11.7,38.47812719471793,13.056256490678125,23.57814915031252,36.361117057660366,1.5814424980576083,0.13404760424070827,0,61.56276544609669,1.4698428734431233,8.993230371716658,2.538217700420193,6.37381961398634,21.398092909613638
1627,小型ネットワーク027,小型成長株,53.7,27.7,10.0,13.6,21.37011366208498,17.20392567126321,13.155674264724889,22.908850147884152,2.0659858486206852,0.04796374634770795,2,62.51479494416627,1.6076718966443746,4.501463640383,2.898143259266497,13.793961010072087,10.787470075430306
1697,小型システムズ097,小型成長株,53.7,27.7,13.4,10.3,22.017192643421488,7.4799187138603935,21.136155708317858,27.500004238020313,2.8326387899558125,2.1543004655056226,3,47.23868281505868,1.176361037956342,4.490876348141938,2.900703155949648,-7.703459872723162,13.361110416331066
1688,小型バイオ088,小型成長株,53.6,33.5,9.5,8.5,28.56479435998125,20.260217818493313,12.736393119979313,34.083381004616534,1.7701291755651662,1.5130475652045332,0,33.274767016387145,0.9379297409178197,3.6099560495326872,2.7405606334259174,7.256441190174799,-7.698850660048208
1690,小型テック090,小型成長株,53.6,24.9,8.2,16.6,18.881555908633985,14.364341189142454,13.172037479927639,21.709434144792844,3.361257136930313,0.0,1,57.68495149103907,1.6790518063296078,0.3,4.112727851943567,0.9380579143270147,28.63955953732465
1648,小型商事048,小型成長株,53.1,26.5,9.9,13.3,20.645259943829075,20.36119430886049,9.256555633150217,28.547762633052727,3.468239455556614,1.6091174883856003,1,57.79969414465215,0.6305922687395342,1.6987590132026475,3.654687381259787,4.172706866346583,14.899124942794717
1644,小型ロジ044,小型成長株,53.0,28.5,10.8,11.5,23.696909609049793,15.908452672398068,12.733125777857445,34.51795550123819,2.3681143473716557,1.7861740478907122,3,62.783461441818964,1.3425316796214273,7.968001965716466,2.7463930794063365,6.7875990618104876,4.99737115709441
1655,小型エナジー055,小型成長株,52.9,27.3,12.1,10.9,21.567398591696733,16.786982785968114,12.42163578760275,29.13784299413433,2.0594866148283875,2.097057196491159,0,55.22198831184578,1.5487966304259069,7.18377638379955,3.061853612118138,1.0039051162376218,7.3901969919944746
1636,小型運輸036,小型成長株,52.7,23.5,10.0,15.2,15.994416507966712,18.21969535445778,11.186945247815414,25.312801529341236,4.168284760787872,1.152462497188714,3,56.34538658624205,1.201814166181611,0.3,4.174992425538846,7.689858234538274,11.85000808143904
1618,小型商事018,小型成長株,52.6,29.6,10.1,10.7,27.861116531723926,9.000076095948014,14.783563195179763,32.481080863805765,2.7382281847948295,1.8100636968649277,1,59.15059918210954,1.0113768844340718,5.430919225716369,2.7867836424169035,7.098630906290355,13.144207194488782
1635,小型化学035,小型成長株,52.6,24.0,7.9,17.6,21.35114274760511,11.575998002488815,10.198363835851161,30.15075745820061,2.1743705631938695,0.0,3,72.34385396322278,1.4001840876611835,1.5337748246579839,3.4711484327114284,-3.787194209881532,1.6732328397480885
1610,小型エナジー010,小型成長株,52.5,31.3,5.7,11.9,29.740403327929084,12.395100798081389,13.0259322432951,29.172285495632792,3.053269061223488,0.0,0,47.02697960395583,1.0176307784943288,2.4411167748494957,3.9077685136720035,3.9864250620515698,16.35673526012226
1698,小型フーズ098,小型成長株,52.4,22.5,8.6,18.3,10.158298711001525,22.08140876781863,13.883938188815764,22.568949659538546,2.310957309736282,0.0,0,81.29381764573259,2.6158930727461955,4.907513723758125,3.3263659691031764,2.4082437460765003,2.5220502370836524
1659,小型ロジ059,小型成長株,52.3,25.2,6.8,15.3,23.16394437628248,13.580887392490181,8.662045313683631,28.422977374126983,2.365291771634838,0.0,0,56.54506763630465,1.7834853297918616,2.3496131639180526,5.0,10.314113921916395,29.651961591925737
1620,小型化学020,小型成長株,51.9,27.5,8.8,11.2,37.95542795744858,13.41900357820123,4.333494776759606,25.624492213536413,3.8181626286713257,1.1760695963207712,0,50.66562947077757,1.2201498644250934,4.250156191297194,4.4705569063509225,11.314538076795026,19.47214618530954
1628,小型バイオ028,小型成長株,51.9,20.8,9.5,17.4,18.532584121747927,16.41193118666226,3.817448988124635,23.256793301662483,3.486750959084283,0.0,5,90.20045819446443,1.3152723310881258,4.125262981367358,4.295269667880821,2.199264871738882,24.41330624631418
1623,小型フーズ023,小型成長株,51.7,26.3,7.3,14.8,25.196198048361076,12.16202266919907,9.362131590893028,40.73004991039564,3.502244108732425,1.6219372011086766,3,44.94028697348968,2.138765095870137,2.0823612155788513,3.6266294385205167,-4.836339432787414,-10.490306207770235
1638,小型フーズ038,小型成長株,51.7,27.7,8.1,11.6,24.500319311860633,16.374081614315458,9.53992525383893,32.33364488306802,2.5336970673125916,0.5166568262925006,3,33.67804382891461,2.298513929925491,3.9283005865029765,4.424755367024339,-1.4525185397129103,2.9220185116616832
1630,小型テック030,小型成長株,51.1,22.3,9.8,16.6,20.084010915306028,12.108573913178969,8.207704471523682,36.450693065478134,1.0225544577530354,1.5978592002792693,0,55.61386683387097,2.3461575780589063,2.3145640340399076,2.8559446767772716,4.217634566482818,18.96616862974686
1678,小型商事078,小型成長株,50.9,27.7,5.5,14.2,22.564716603338702,14.128850968474957,13.914643767694788,40.637441786219995,3.66841758233515,1.5850609182499857,0,53.766094514458615,1.4525776965357489,2.2042671767813635,3.8003716199880944,7.141453095294227,0.94030648334369
1670,小型エナジー070,小型成長株,50.6,29.3,9.8,9.0,28.7693877042229,11.76268180896759,10.869572148844673,28.151576986590342,3.17987344259223,0.7856659954880891,4,54.68516659319346,0.8358023972684452,7.158555662603725,2.9162930107660427,1.5893474976935162,13.210360147133787
1633,小型商事033,小型成長株,50.4,26.6,5.5,14.3,26.904353678166288,11.289596014027495,8.261568321804122,46.14268871573435,2.298899789353136,0.9001429124600765,0,65.0964314709256,1.0333872246553324,2.80354870286998,4.2360517326168985,7.832057410268442,20.82091429489783
1611,小型マテリアル011,小型成長株,49.9,20.8,12.3,13.7,12.205572719661907,11.691788985395274,15.936288308724201,31.56971474906081,2.2927983202684645,0.9616623863795537,8,62.68323727339851,1.1534065269287774,3.2872276991481115,3.4737416860214663,4.092989715856704,13.62374359188198
1622,小型システムズ022,小型成長株,49.9,19.4,5.3,20.3,16.030441971543606,8.645465020777404,10.445614558354261,30.459613509883404,3.03563659463914,0.0,0,84.6811359289108,1.5396075239020697,1.0493839564146255,5.0,4.826349606111412,18.612007511760893
1676,小型ホールディングス076,小型成長株,49.8,27.7,8.0,11.5,18.44552438243453,18.684844977946007,15.891990990084196,31.13797196948397,2.03075280408662,0.2586856445643514,2,51.69024026300857,1.3608167798494508,4.394445646553909,3.1209818550389583,6.356357534612151,33.11274147223482
1637,小型システムズ037,小型成長株,49.7,23.6,16.9,6.7,20.902186385309953,17.680721311305277,5.226449634600734,24.460712010677167,2.0045879959752284,2.5715092824867463,4,23.351532459563444,0.7431191866800122,3.361777787956525,3.02204783034206,-2.9462932484613304,37.33714685180587
1682,小型システムズ082,小型成長株,49.7,22.8,11.5,12.9,7.424334163455358,19.615510551304475,23.325121288504278,28.480495747738512,1.3124929125678884,1.4088905165770311,0,51.05971005003972,1.813288194895502,4.058197425922904,3.0095129797291187,1.1023662043900138,15.510032662649992
1616,小型ホールディングス016,小型成長株,49.6,20.5,10.1,15.2,7.8830715809258525,16.751725507024442,17.088558031314562,30.617676719397185,2.6462368296430094,1.3649406535468147,2,48.99377084650935,2.425206161187513,2.9669771167010706,4.0206018403599275,-9.511685696174288,29.317650593371148
1695,小型化学095,小型成長株,49.6,23.6,9.6,13.4,19.375443012595216,13.585514882592232,10.447710664857606,36.890413567252764,3.1358873258315514,2.173174917888648,2,64.46498105565139,1.0317010911948754,3.6214731597538203,3.410443140540352,-3.202683304205399,7.525670362755261
1632,小型製作所032,小型成長株,49.0,23.6,7.0,15.2,17.242181249808027,14.05123342008449,13.001350520440898,29.557668087419287,4.264168362576841,1.1362482463523704,0,68.8733809817681,1.5189399972447994,3.6782100438326237,3.5967578475169364,4.827930273951203,13.368654883335331
1606,小型運輸006,小型成長株,48.9,17.9,9.4,18.3,15.566800307400328,9.026134404856776,7.777917558457839,24.291673559288753,2.0756953065206782,0.0,2,67.22272045608187,2.3503963792141582,2.3969909369615356,3.6368804716986163,6.87627547564881,10.953949266493602
1672,小型ネットワーク072,小型成長株,48.7,23.5,12.6,10.3,17.313491145312938,17.790399934700456,9.747897736634023,25.284286362076337,2.62811488435952,2.0838451268293,0,39.318056005060214,0.5263474171550916,1.6424961844293895,2.750719959046314,-4.686887524542334,5.190227040623972
1646,小型ホールディングス046,小型成長株,48.5,24.1,12.2,10.6,16.871872672099492,22.468831203812464,7.747900283257264,30.56581731327847,2.575831480388997,2.5595472694492996,0,49.76526128831402,1.0150909683690874,4.182237091711099,2.3015594723450867,2.128829031453402,-11.828389874251418
1624,小型メディカル024,小型成長株,47.6,21.9,9.6,13.5,24.546329621224917,9.95450366402546,3.0541621435136346,31.24365701768245,4.284056539735552,2.1895602585800615,1,63.159215520545025,1.9438531283919567,5.619830435702832,3.125171424939441,5.2050662943474455,17.607377681174437
1685,小型エナジー085,小型成長株,47.5,23.5,9.6,12.2,17.48900258758033,10.613510289664841,15.14373893726773,34.4648712563181,2.5597209667141936,1.5806810899257775,2,46.93082023371585,1.3710239533794681,3.0609253965750933,2.8426720699956425,7.570897571935003,16.81575425245711
1663,小型商事063,小型成長株,47.1,26.3,8.1,8.8,25.37749329149952,12.257065170225063,8.966268742772039,31.310369614262683,3.0985131913387924,0.23910090915617377,5,47.10842073814319,1.2082383106044798,6.545565382214997,4.09486555018713,2.8519441646538644,17.448568515722606
1674,小型ロジ074,小型成長株,47.1,25.8,8.0,10.5,22.196398659231903,12.39328734981377,11.994051182526249,40.22276738175888,1.5665998340974712,0.5653231840777392,5,36.61395308939631,1.1781262873668747,2.6477307043782488,3.221368222356812,-4.575742957637303,21.143432724056474
1602,小型製作所002,小型成長株,46.7,14.6,11.6,16.8,11.43661482524472,2.8153725063698936,11.779456407389493,26.10180746103134,2.3440927115478987,1.0213752539762284,3,68.81549864288222,1.3419375640157565,1.6170807067663286,3.9326664782453724,5.075082556529183,24.660290298015802
1653,小型フーズ053,小型成長株,46.3,15.9,10.2,16.6,14.815857972686372,1.808312931101888,10.614395489909594,32.5656731552867,2.5528325680075357,1.6011783722817294,2,86.18518926471933,1.3523916464396695,4.4417066878218385,3.804708051628287,14.009611235787158,-6.479647676011336
1664,小型電機064,小型成長株,46.0,19.8,11.9,11.6,23.238337956190705,0.27193067511310787,8.467630252633093,27.69492029734431,2.5503719664084854,1.0471025648304206,5,57.2123558762293,0.9711726019385676,4.184732985319881,3.138701333145757,4.063618995068584,10.498715370163056
1667,小型システムズ067,小型成長株,45.4,20.9,10.9,12.2,14.104161953631426,11.268378207436665,13.895858873004372,45.144838452788235,3.0107873199964166,2.406361150630718,5,69.62418065690133,1.0054021141846605,5.507556499472823,2.201511726681562,14.605250742062552,16.400063698619064
1640,小型エナジー040,小型成長株,45.3,23.7,7.7,10.6,23.958210270389255,13.722619918718326,4.511888452409387,36.570029837583476,2.705392475077309,1.5464182196329606,0,60.032801131564234,1.0665738200383226,5.824797268974108,3.6491274779605405,7.202321160085329,30.29820976525975
1612,小型ネットワーク012,小型成長株,44.8,16.8,9.7,15.9,10.452425624505283,9.186847624570245,12.253323814642512,27.00839217986538,2.4036675075979996,0.6229864139235631,2,79.00944221744146,1.4503941323869745,4.318385769536856,2.966719758852863,8.432574341590891,18.508763571348283
1621,小型運輸021,小型成長株,44.8,18.3,11.8,10.6,11.346841919540134,7.360337430032794,15.666260106068817,19.927173412402635,2.6421030852519767,1.104150446186177,0,44.56327798154046,1.4529394677160907,4.506570517543297,4.249215016331005,8.642320608623312,14.883879139906334
1608,小型フーズ008,小型成長株,44.2,18.9,10.8,10.6,13.727110883762318,12.47538914530419,9.548352104111121,31.61137389163865,2.324848278310475,1.8116604137066468,1,51.30713322729304,0.8733473688274185,4.055768118531629,4.116174721780944,6.639927539221246,40.86597999697309
1631,小型ホールディングス031,小型成長株,44.2,19.1,7.5,15.0,18.465153741657044,6.130705347320573,8.671509095591173,35.68800313878712,2.852343752394858,1.251087283703822,1,51.12904146888115,2.3387847249377054,3.2612546573080547,3.0453040963782985,11.576854198132038,5.331675693591377
1656,小型マテリアル056,小型成長株,43.2,24.0,2.6,13.2,35.2711773408905,0.0,7.986309939257065,44.387732254957314,3.213617451444146,0.0,1,64.2141821892215,1.923062622952803,6.911103605080614,3.7108413450233724,1.7612701819222352,23.44501330517845
1639,小型メディカル039,小型成長株,42.6,21.2,8.6,9.8,12.704798227201502,15.251488363324194,13.32991650959123,25.213529084612915,2.0901515649803044,0.0,1,54.6194379674052,1.157196503820869,6.384761075036897,3.3341394574458127,12.620257603561551,7.600973807807641
1686,小型マテリアル086,小型成長株,42.2,16.0,11.6,12.0,9.274802413844656,5.742370023803211,15.123422266028772,23.108281427232793,3.0114288085702268,1.5809315781091884,0,37.59232941762867,2.3372158411976476,4.232827409332426,3.064607474661383,-0.6036427158775819,7.874709813112645
1634,小型電機034,小型成長株,41.0,18.0,6.1,14.1,7.830361292865097,23.184475849145066,7.040593445290624,37.17136488576319,3.51508070618704,1.3773327417846801,0,65.72861720675141,1.26453929467757,3.6522712287095254,3.200102192731552,-7.23166303943445,27.461409811815056
1657,小型ネットワーク057,小型成長株,40.6,16.6,11.1,10.5,16.413978425097113,8.833312520054854,4.2004556402177755,18.609229632997597,2.1724883907130095,0.0,2,41.41076713516736,0.2,1.7209588057389618,3.0225122818228645,1.3673030727682076,32.23429615171021
1683,小型フーズ083,小型成長株,40.1,21.5,7.9,7.5,18.72427557990106,8.453814331984963,11.337184092608199,30.037555739531104,2.6753275732262565,0.0,4,13.701394135019996,1.2768174224857824,2.4836427818029514,3.518543102297132,8.369970846816413,27.521177699132423
1669,小型メディカル069,小型成長株,40.0,20.7,8.1,7.0,22.543759769309002,6.216420239319583,6.404849081657439,28.07146609749179,4.186839999080874,1.3792698118988111,0,7.011214827851923,1.8665267965021899,3.426815730729242,4.313012775608295,-0.284307524268649,18.202549974302315
1629,小型ロジ029,小型成長株,39.4,20.2,6.3,9.5,16.630809638954627,11.611988533334102,9.003317678375131,30.05588319516882,3.6105783367958844,0.6158870678828358,0,43.51127719883732,1.6972997106852703,6.919409544109685,3.714979999451518,2.678620696092484,23.19420760220341
1668,小型フーズ068,小型成長株,38.9,13.6,6.2,14.8,0.7982116216145911,12.297469524840805,16.2697391046147,26.5778567617614,3.300504067695501,0.0,0,61.713982745143106,1.5157828336449575,2.9729081680878213,4.381832917313754,-0.10124425083434563,17.757987287988193
1687,小型ネットワーク087,小型成長株,36.1,20.2,4.7,7.4,12.475421311093518,18.41706087045295,9.116244231968395,34.561207529297604,2.519559756160992,0.0,0,15.764998004974501,1.4396157116629966,3.2937854559657147,4.059794197238374,-6.317829567900276,27.942396330362573
1673,小型バイオ073,小型成長株,36.0,17.0,5.5,9.7,5.88228415253268,8.910056381161594,19.002101999551,30.421528421686617,2.9312273705207694,0.0,0,42.495190640382944,1.4783950865519926,5.162718203508003,4.1218939337082565,8.783674174899998,5.149317631184669
1614,小型ロジ014,小型成長株,29.5,14.1,5.5,7.4,4.277759075172234,12.902030053706202,12.213410835757669,27.038242343061885,3.7911399922040876,0.0,0,15.980475630251988,1.2595416669129296,2.8878416025731983,2.9920182589325948,11.64606403690256,24.327410268043558
